PolygonID,EntityHand,PointID,X,Y,State Abbreviation
1,22,1,1.1371,1.38688,HI
1,22,2,1.23535,1.33019,HI
1,22,3,1.23535,1.21669,HI
1,22,4,1.1371,1.15994,HI
1,22,5,1.03879,1.21669,HI
1,22,6,1.03879,1.33019,HI
1,22,7,1.1371,1.38688,HI
2,22,1,1.43192,1.21669,HI
2,22,2,1.53017,1.15994,HI
2,22,3,1.53017,1.0465,HI
2,22,4,1.43192,0.989746,HI
2,22,5,1.3336,1.0465,HI
2,22,6,1.3336,1.15994,HI
2,22,7,1.43192,1.21669,HI
3,22,1,1.62847,0.876247,HI
3,22,2,1.62847,0.989746,HI
3,22,3,1.72672,1.0465,HI
3,22,4,1.82497,0.989746,HI
3,22,5,1.82497,0.876247,HI
3,22,6,1.72672,0.819553,HI
3,22,7,1.72672,0.706054,HI
3,22,8,1.62847,0.649251,HI
3,22,9,1.53017,0.706054,HI
3,22,10,1.53017,0.819553,HI
3,22,11,1.62847,0.876247,HI
4,4F,1,3.88872,4.79112,MI
4,4F,2,3.98699,4.73443,MI
4,4F,3,3.98699,4.62088,MI
4,4F,4,3.88872,4.56418,MI
4,4F,5,3.88872,4.45074,MI
4,4F,6,3.79042,4.39399,MI
4,4F,7,3.69217,4.45074,MI
4,4F,8,3.69217,4.56418,MI
4,4F,9,3.59392,4.62088,MI
4,4F,10,3.59392,4.73443,MI
4,4F,11,3.69217,4.79112,MI
4,4F,12,3.79042,4.73443,MI
4,4F,13,3.88872,4.79112,MI
5,4F,1,4.38004,4.62088,MI
5,4F,2,4.47835,4.56418,MI
5,4F,3,4.47835,4.45074,MI
5,4F,4,4.57661,4.39399,MI
5,4F,5,4.57661,4.28049,MI
5,4F,6,4.47835,4.22379,MI
5,4F,7,4.47835,4.11029,MI
5,4F,8,4.38004,4.05354,MI
5,4F,9,4.38004,3.94011,MI
5,4F,10,4.47835,3.88336,MI
5,4F,11,4.47835,3.76986,MI
5,4F,12,4.38004,3.71317,MI
5,4F,13,4.28179,3.76986,MI
5,4F,14,4.18354,3.71317,MI
5,4F,15,4.08524,3.76986,MI
5,4F,16,3.98699,3.71317,MI
5,4F,17,3.88872,3.76986,MI
5,4F,18,3.88872,3.88336,MI
5,4F,19,3.98699,3.94011,MI
5,4F,20,3.98699,4.05354,MI
5,4F,21,3.88872,4.11029,MI
5,4F,22,3.88872,4.22379,MI
5,4F,23,3.98699,4.28049,MI
5,4F,24,3.98699,4.39399,MI
5,4F,25,4.08524,4.45074,MI
5,4F,26,4.08524,4.56418,MI
5,4F,27,4.18354,4.62088,MI
5,4F,28,4.28179,4.56418,MI
5,4F,29,4.38004,4.62088,MI
6,6D,1,7.32824,5.07482,ME
6,6D,2,7.32824,4.96137,ME
6,6D,3,7.22999,4.90462,ME
6,6D,4,7.13167,4.96137,ME
6,6D,5,7.13167,5.07482,ME
6,6D,6,7.03342,5.13157,ME
6,6D,7,7.03342,5.24507,ME
6,6D,8,7.13167,5.30181,ME
6,6D,9,7.13167,5.41525,ME
6,6D,10,7.22999,5.472,ME
6,6D,11,7.32824,5.41525,ME
6,6D,12,7.32824,5.30181,ME
6,6D,13,7.42649,5.24507,ME
6,6D,14,7.42649,5.13157,ME
7,7D,1,2.61117,3.59967,NE
7,7D,2,2.70942,3.54292,NE
7,7D,3,2.70942,3.42947,NE
7,7D,4,2.80772,3.37272,NE
7,7D,5,2.80772,3.25922,NE
7,7D,6,2.70942,3.20247,NE
7,7D,7,2.61117,3.25922,NE
7,7D,8,2.51292,3.20247,NE
7,7D,9,2.41461,3.25922,NE
7,7D,10,2.41461,3.37272,NE
7,7D,11,2.31635,3.42947,NE
7,7D,12,2.2181,3.37272,NE
7,7D,13,2.11979,3.42947,NE
7,7D,14,2.11979,3.54292,NE
7,7D,15,2.2181,3.59967,NE
7,7D,16,2.31635,3.54292,NE
7,7D,17,2.41461,3.59967,NE
7,7D,18,2.51292,3.54292,NE
8,91,1,4.67492,1.38688,FL
8,91,2,4.77317,1.33019,FL
8,91,3,4.87142,1.38688,FL
8,91,4,4.96972,1.33019,FL
8,91,5,5.06799,1.38688,FL
8,91,6,5.16624,1.33019,FL
8,91,7,5.26454,1.38688,FL
8,91,8,5.36279,1.33019,FL
8,91,9,5.36279,1.21669,FL
8,91,10,5.26454,1.15994,FL
8,91,11,5.26454,1.0465,FL
8,91,12,5.36279,0.989746,FL
8,91,13,5.36279,0.876247,FL
8,91,14,5.26454,0.819553,FL
8,91,15,5.26454,0.706054,FL
8,91,16,5.36279,0.649251,FL
8,91,17,5.36279,0.535861,FL
8,91,18,5.46104,0.479113,FL
8,91,19,5.46104,0.365614,FL
8,91,20,5.36279,0.308865,FL
8,91,21,5.36279,0.195421,FL
8,91,22,5.26454,0.138672,FL
8,91,23,5.16624,0.195421,FL
8,91,24,5.06799,0.138672,FL
8,91,25,4.96972,0.195421,FL
8,91,26,4.87142,0.138672,FL
8,91,27,4.77317,0.195421,FL
8,91,28,4.77317,0.308865,FL
8,91,29,4.67492,0.365614,FL
8,91,30,4.67492,0.479113,FL
8,91,31,4.57661,0.535861,FL
8,91,32,4.57661,0.649251,FL
8,91,33,4.47835,0.706054,FL
8,91,34,4.47835,0.819553,FL
8,91,35,4.57661,0.876247,FL
8,91,36,4.57661,0.989746,FL
8,91,37,4.47835,1.0465,FL
8,91,38,4.47835,1.15994,FL
8,91,39,4.38004,1.21669,FL
8,91,40,4.28179,1.15994,FL
8,91,41,4.18354,1.21669,FL
8,91,42,4.18354,1.33019,FL
8,91,43,4.28179,1.38688,FL
8,91,44,4.38004,1.33019,FL
8,91,45,4.47835,1.38688,FL
8,91,46,4.57661,1.33019,FL
9,C1,1,6.73861,4.96137,VT
9,C1,2,6.73861,5.07482,VT
9,C1,3,6.64035,5.13157,VT
9,C1,4,6.64035,5.24507,VT
9,C1,5,6.73861,5.30181,VT
9,C1,6,6.83686,5.24507,VT
9,C1,7,6.83686,5.13157,VT
9,C1,8,6.93517,5.07482,VT
9,C1,9,6.93517,4.96137,VT
9,C1,10,6.83686,4.90462,VT
9,C1,11,6.83686,4.79112,VT
9,C1,12,6.73861,4.73443,VT
9,C1,13,6.64035,4.79112,VT
9,C1,14,6.64035,4.90462,VT
10,D1,1,7.03342,4.79112,NH
10,D1,2,6.93517,4.73443,NH
10,D1,3,6.83686,4.79112,NH
10,D1,4,6.83686,4.90462,NH
10,D1,5,6.93517,4.96137,NH
10,D1,6,6.93517,5.07482,NH
10,D1,7,6.83686,5.13157,NH
10,D1,8,6.83686,5.24507,NH
10,D1,9,6.93517,5.30181,NH
10,D1,10,7.03342,5.24507,NH
10,D1,11,7.03342,5.13157,NH
10,D1,12,7.13167,5.07482,NH
10,D1,13,7.13167,4.96137,NH
10,D1,14,7.22999,4.90462,NH
10,D1,15,7.22999,4.79112,NH
10,D1,16,7.13167,4.73443,NH
11,E3,1,6.83686,4.79112,MA
11,E3,2,6.93517,4.73443,MA
11,E3,3,7.03342,4.79112,MA
11,E3,4,7.13167,4.73443,MA
11,E3,5,7.22999,4.79112,MA
11,E3,6,7.32824,4.73443,MA
11,E3,7,7.42649,4.79112,MA
11,E3,8,7.52479,4.73443,MA
11,E3,9,7.52479,4.62088,MA
11,E3,10,7.62304,4.56418,MA
11,E3,11,7.62304,4.45074,MA
11,E3,12,7.52479,4.39399,MA
11,E3,13,7.42649,4.45074,MA
11,E3,14,7.32824,4.39399,MA
11,E3,15,7.22999,4.45074,MA
11,E3,16,7.13167,4.39399,MA
11,E3,17,7.03342,4.45074,MA
11,E3,18,6.93517,4.39399,MA
11,E3,19,6.83686,4.45074,MA
11,E3,20,6.73861,4.39399,MA
11,E3,21,6.64035,4.45074,MA
11,E3,22,6.54204,4.39399,MA
11,E3,23,6.44379,4.45074,MA
11,E3,24,6.44379,4.56418,MA
11,E3,25,6.54204,4.62088,MA
11,E3,26,6.54204,4.73443,MA
11,E3,27,6.64035,4.79112,MA
11,E3,28,6.73861,4.73443,MA
12,101,1,3.59392,4.62088,WI
12,101,2,3.69217,4.56418,WI
12,101,3,3.69217,4.45074,WI
12,101,4,3.79042,4.39399,WI
12,101,5,3.79042,4.28049,WI
12,101,6,3.69217,4.22379,WI
12,101,7,3.69217,4.11029,WI
12,101,8,3.59392,4.05354,WI
12,101,9,3.59392,3.94011,WI
12,101,10,3.69217,3.88336,WI
12,101,11,3.69217,3.76986,WI
12,101,12,3.59392,3.71317,WI
12,101,13,3.49561,3.76986,WI
12,101,14,3.49561,3.88336,WI
12,101,15,3.39735,3.94011,WI
12,101,16,3.29904,3.88336,WI
12,101,17,3.20079,3.94011,WI
12,101,18,3.20079,4.05354,WI
12,101,19,3.29904,4.11029,WI
12,101,20,3.29904,4.22379,WI
12,101,21,3.20079,4.28049,WI
12,101,22,3.20079,4.39399,WI
12,101,23,3.29904,4.45074,WI
12,101,24,3.29904,4.56418,WI
12,101,25,3.39735,4.62088,WI
12,101,26,3.49561,4.56418,WI
13,11D,1,6.83686,4.45074,CT
13,11D,2,6.93517,4.39399,CT
13,11D,3,6.93517,4.28049,CT
13,11D,4,7.03342,4.22379,CT
13,11D,5,7.03342,4.11029,CT
13,11D,6,6.93517,4.05354,CT
13,11D,7,6.93517,3.94011,CT
13,11D,8,6.83686,3.88336,CT
13,11D,9,6.73861,3.94011,CT
13,11D,10,6.64035,3.88336,CT
13,11D,11,6.54204,3.94011,CT
13,11D,12,6.54204,4.05354,CT
13,11D,13,6.44379,4.11029,CT
13,11D,14,6.44379,4.22379,CT
13,11D,15,6.54204,4.28049,CT
13,11D,16,6.54204,4.39399,CT
13,11D,17,6.64035,4.45074,CT
13,11D,18,6.73861,4.39399,CT
14,131,1,7.22999,4.45074,RI
14,131,2,7.32824,4.39399,RI
14,131,3,7.32824,4.28049,RI
14,131,4,7.42649,4.22379,RI
14,131,5,7.42649,4.11029,RI
14,131,6,7.32824,4.05354,RI
14,131,7,7.22999,4.11029,RI
14,131,8,7.13167,4.05354,RI
14,131,9,7.03342,4.11029,RI
14,131,10,7.03342,4.22379,RI
14,131,11,6.93517,4.28049,RI
14,131,12,6.93517,4.39399,RI
14,131,13,7.03342,4.45074,RI
14,131,14,7.13167,4.39399,RI
15,141,1,1.43192,4.28049,WA
15,141,2,1.53017,4.22379,WA
15,141,3,1.53017,4.11029,WA
15,141,4,1.62847,4.05354,WA
15,141,5,1.72672,4.11029,WA
15,141,6,1.82497,4.05354,WA
15,141,7,1.92324,4.11029,WA
15,141,8,2.02154,4.05354,WA
15,141,9,2.02154,3.94011,WA
15,141,10,1.92324,3.88336,WA
15,141,11,1.92324,3.76986,WA
15,141,12,1.82497,3.71317,WA
15,141,13,1.72672,3.76986,WA
15,141,14,1.62847,3.71317,WA
15,141,15,1.53017,3.76986,WA
15,141,16,1.43192,3.71317,WA
15,141,17,1.3336,3.76986,WA
15,141,18,1.23535,3.71317,WA
15,141,19,1.1371,3.76986,WA
15,141,20,1.03879,3.71317,WA
15,141,21,0.940539,3.76986,WA
15,141,22,0.940539,3.88336,WA
15,141,23,1.03879,3.94011,WA
15,141,24,1.03879,4.05354,WA
15,141,25,1.1371,4.11029,WA
15,141,26,1.1371,4.22379,WA
15,141,27,1.23535,4.28049,WA
15,141,28,1.3336,4.22379,WA
16,15F,1,2.41461,4.28049,MT
16,15F,2,2.51292,4.22379,MT
16,15F,3,2.51292,4.11029,MT
16,15F,4,2.41461,4.05354,MT
16,15F,5,2.41461,3.94011,MT
16,15F,6,2.31635,3.88336,MT
16,15F,7,2.2181,3.94011,MT
16,15F,8,2.2181,4.05354,MT
16,15F,9,2.11979,4.11029,MT
16,15F,10,2.11979,4.22379,MT
16,15F,11,2.2181,4.28049,MT
16,15F,12,2.31635,4.22379,MT
17,16D,1,3.20079,4.28049,MN
17,16D,2,3.29904,4.22379,MN
17,16D,3,3.29904,4.11029,MN
17,16D,4,3.20079,4.05354,MN
17,16D,5,3.20079,3.94011,MN
17,16D,6,3.29904,3.88336,MN
17,16D,7,3.29904,3.76986,MN
17,16D,8,3.20079,3.71317,MN
17,16D,9,3.20079,3.59967,MN
17,16D,10,3.10254,3.54292,MN
17,16D,11,3.00424,3.59967,MN
17,16D,12,2.90597,3.54292,MN
17,16D,13,2.80772,3.59967,MN
17,16D,14,2.70942,3.54292,MN
17,16D,15,2.61117,3.59967,MN
17,16D,16,2.61117,3.71317,MN
17,16D,17,2.70942,3.76986,MN
17,16D,18,2.70942,3.88336,MN
17,16D,19,2.80772,3.94011,MN
17,16D,20,2.80772,4.05354,MN
17,16D,21,2.90597,4.11029,MN
17,16D,22,2.90597,4.22379,MN
17,16D,23,3.00424,4.28049,MN
17,16D,24,3.10254,4.22379,MN
18,187,1,5.36279,4.28049,PA
18,187,2,5.46104,4.22379,PA
18,187,3,5.55935,4.28049,PA
18,187,4,5.65761,4.22379,PA
18,187,5,5.75586,4.28049,PA
18,187,6,5.85417,4.22379,PA
18,187,7,5.95242,4.28049,PA
18,187,8,6.05072,4.22379,PA
18,187,9,6.05072,4.11029,PA
18,187,10,6.14899,4.05354,PA
18,187,11,6.14899,3.94011,PA
18,187,12,6.05072,3.88336,PA
18,187,13,6.05072,3.76986,PA
18,187,14,5.95242,3.71317,PA
18,187,15,5.95242,3.59967,PA
18,187,16,5.85417,3.54292,PA
18,187,17,5.75586,3.59967,PA
18,187,18,5.65761,3.54292,PA
18,187,19,5.55935,3.59967,PA
18,187,20,5.46104,3.54292,PA
18,187,21,5.36279,3.59967,PA
18,187,22,5.26454,3.54292,PA
18,187,23,5.16624,3.59967,PA
18,187,24,5.16624,3.71317,PA
18,187,25,5.06799,3.76986,PA
18,187,26,5.06799,3.88336,PA
18,187,27,4.96972,3.94011,PA
18,187,28,4.96972,4.05354,PA
18,187,29,5.06799,4.11029,PA
18,187,30,5.06799,4.22379,PA
18,187,31,5.16624,4.28049,PA
18,187,32,5.26454,4.22379,PA
19,1A9,1,1.82497,3.59967,ID
19,1A9,2,1.82497,3.71317,ID
19,1A9,3,1.92324,3.76986,ID
19,1A9,4,1.92324,3.88336,ID
19,1A9,5,2.02154,3.94011,ID
19,1A9,6,2.02154,4.05354,ID
19,1A9,7,2.11979,4.11029,ID
19,1A9,8,2.2181,4.05354,ID
19,1A9,9,2.2181,3.94011,ID
19,1A9,10,2.11979,3.88336,ID
19,1A9,11,2.11979,3.76986,ID
19,1A9,12,2.02154,3.71317,ID
19,1A9,13,2.02154,3.59967,ID
19,1A9,14,1.92324,3.54292,ID
19,1A9,15,1.92324,3.42947,ID
19,1A9,16,1.82497,3.37272,ID
19,1A9,17,1.72672,3.42947,ID
19,1A9,18,1.72672,3.54292,ID
20,1BD,1,2.70942,4.11029,ND
20,1BD,2,2.80772,4.05354,ND
20,1BD,3,2.80772,3.94011,ND
20,1BD,4,2.70942,3.88336,ND
20,1BD,5,2.70942,3.76986,ND
20,1BD,6,2.61117,3.71317,ND
20,1BD,7,2.51292,3.76986,ND
20,1BD,8,2.51292,3.88336,ND
20,1BD,9,2.41461,3.94011,ND
20,1BD,10,2.41461,4.05354,ND
20,1BD,11,2.51292,4.11029,ND
20,1BD,12,2.61117,4.05354,ND
21,1CB,1,4.67492,4.11029,OH
21,1CB,2,4.77317,4.05354,OH
21,1CB,3,4.87142,4.11029,OH
21,1CB,4,4.96972,4.05354,OH
21,1CB,5,4.96972,3.94011,OH
21,1CB,6,5.06799,3.88336,OH
21,1CB,7,5.06799,3.76986,OH
21,1CB,8,5.16624,3.71317,OH
21,1CB,9,5.16624,3.59967,OH
21,1CB,10,5.06799,3.54292,OH
21,1CB,11,5.06799,3.42947,OH
21,1CB,12,4.96972,3.37272,OH
21,1CB,13,4.96972,3.25922,OH
21,1CB,14,4.87142,3.20247,OH
21,1CB,15,4.77317,3.25922,OH
21,1CB,16,4.67492,3.20247,OH
21,1CB,17,4.67492,3.08903,OH
21,1CB,18,4.57661,3.03228,OH
21,1CB,19,4.47835,3.08903,OH
21,1CB,20,4.47835,3.20247,OH
21,1CB,21,4.38004,3.25922,OH
21,1CB,22,4.38004,3.37272,OH
21,1CB,23,4.28179,3.42947,OH
21,1CB,24,4.28179,3.54292,OH
21,1CB,25,4.38004,3.59967,OH
21,1CB,26,4.38004,3.71317,OH
21,1CB,27,4.47835,3.76986,OH
21,1CB,28,4.47835,3.88336,OH
21,1CB,29,4.38004,3.94011,OH
21,1CB,30,4.38004,4.05354,OH
21,1CB,31,4.47835,4.11029,OH
21,1CB,32,4.57661,4.05354,OH
22,1ED,1,6.44379,3.76986,NJ
22,1ED,2,6.54204,3.71317,NJ
22,1ED,3,6.54204,3.59967,NJ
22,1ED,4,6.44379,3.54292,NJ
22,1ED,5,6.44379,3.42947,NJ
22,1ED,6,6.54204,3.37272,NJ
22,1ED,7,6.54204,3.25922,NJ
22,1ED,8,6.44379,3.20247,NJ
22,1ED,9,6.44379,3.08903,NJ
22,1ED,10,6.34549,3.03228,NJ
22,1ED,11,6.24724,3.08903,NJ
22,1ED,12,6.14899,3.03228,NJ
22,1ED,13,6.05072,3.08903,NJ
22,1ED,14,6.05072,3.20247,NJ
22,1ED,15,5.95242,3.25922,NJ
22,1ED,16,5.95242,3.37272,NJ
22,1ED,17,5.85417,3.42947,NJ
22,1ED,18,5.85417,3.54292,NJ
22,1ED,19,5.95242,3.59967,NJ
22,1ED,20,5.95242,3.71317,NJ
22,1ED,21,6.05072,3.76986,NJ
22,1ED,22,6.05072,3.88336,NJ
22,1ED,23,6.14899,3.94011,NJ
22,1ED,24,6.14899,4.05354,NJ
22,1ED,25,6.24724,4.11029,NJ
22,1ED,26,6.34549,4.05354,NJ
22,1ED,27,6.34549,3.94011,NJ
22,1ED,28,6.44379,3.88336,NJ
23,20B,1,2.02154,3.59967,WY
23,20B,2,2.02154,3.71317,WY
23,20B,3,2.11979,3.76986,WY
23,20B,4,2.11979,3.88336,WY
23,20B,5,2.2181,3.94011,WY
23,20B,6,2.31635,3.88336,WY
23,20B,7,2.31635,3.76986,WY
23,20B,8,2.2181,3.71317,WY
23,20B,9,2.2181,3.59967,WY
23,20B,10,2.11979,3.54292,WY
23,20B,11,2.11979,3.42947,WY
23,20B,12,2.02154,3.37272,WY
23,20B,13,1.92324,3.42947,WY
23,20B,14,1.92324,3.54292,WY
24,21B,1,2.41461,3.59967,SD
24,21B,2,2.31635,3.54292,SD
24,21B,3,2.2181,3.59967,SD
24,21B,4,2.2181,3.71317,SD
24,21B,5,2.31635,3.76986,SD
24,21B,6,2.31635,3.88336,SD
24,21B,7,2.41461,3.94011,SD
24,21B,8,2.51292,3.88336,SD
24,21B,9,2.51292,3.76986,SD
24,21B,10,2.61117,3.71317,SD
24,21B,11,2.61117,3.59967,SD
24,21B,12,2.51292,3.54292,SD
25,229,1,3.59392,3.71317,IL
25,229,2,3.69217,3.76986,IL
25,229,3,3.79042,3.71317,IL
25,229,4,3.79042,3.59967,IL
25,229,5,3.88872,3.54292,IL
25,229,6,3.88872,3.42947,IL
25,229,7,3.98699,3.37272,IL
25,229,8,3.98699,3.25922,IL
25,229,9,3.88872,3.20247,IL
25,229,10,3.88872,3.08903,IL
25,229,11,3.98699,3.03228,IL
25,229,12,3.98699,2.91883,IL
25,229,13,4.08524,2.86208,IL
25,229,14,4.08524,2.74858,IL
25,229,15,3.98699,2.69185,IL
25,229,16,3.88872,2.74858,IL
25,229,17,3.79042,2.69185,IL
25,229,18,3.69217,2.74858,IL
25,229,19,3.69217,2.86208,IL
25,229,20,3.59392,2.91883,IL
25,229,21,3.49561,2.86208,IL
25,229,22,3.39735,2.91883,IL
25,229,23,3.39735,3.03228,IL
25,229,24,3.29904,3.08903,IL
25,229,25,3.29904,3.20247,IL
25,229,26,3.20079,3.25922,IL
25,229,27,3.20079,3.37272,IL
25,229,28,3.10254,3.42947,IL
25,229,29,3.10254,3.54292,IL
25,229,30,3.20079,3.59967,IL
25,229,31,3.20079,3.71317,IL
25,229,32,3.29904,3.76986,IL
25,229,33,3.29904,3.88336,IL
25,229,34,3.39735,3.94011,IL
25,229,35,3.49561,3.88336,IL
25,229,36,3.49561,3.76986,IL
26,24F,1,1.53017,3.76986,OR
26,24F,2,1.62847,3.71317,OR
26,24F,3,1.72672,3.76986,OR
26,24F,4,1.82497,3.71317,OR
26,24F,5,1.82497,3.59967,OR
26,24F,6,1.72672,3.54292,OR
26,24F,7,1.72672,3.42947,OR
26,24F,8,1.62847,3.37272,OR
26,24F,9,1.53017,3.42947,OR
26,24F,10,1.43192,3.37272,OR
26,24F,11,1.3336,3.42947,OR
26,24F,12,1.3336,3.54292,OR
26,24F,13,1.23535,3.59967,OR
26,24F,14,1.1371,3.54292,OR
26,24F,15,1.03879,3.59967,OR
26,24F,16,0.940539,3.54292,OR
26,24F,17,0.842285,3.59967,OR
26,24F,18,0.842285,3.71317,OR
26,24F,19,0.940539,3.76986,OR
26,24F,20,1.03879,3.71317,OR
26,24F,21,1.1371,3.76986,OR
26,24F,22,1.23535,3.71317,OR
26,24F,23,1.3336,3.76986,OR
26,24F,24,1.43192,3.71317,OR
27,269,1,4.08524,3.76986,IN
27,269,2,4.18354,3.71317,IN
27,269,3,4.28179,3.76986,IN
27,269,4,4.38004,3.71317,IN
27,269,5,4.38004,3.59967,IN
27,269,6,4.28179,3.54292,IN
27,269,7,4.28179,3.42947,IN
27,269,8,4.38004,3.37272,IN
27,269,9,4.38004,3.25922,IN
27,269,10,4.47835,3.20247,IN
27,269,11,4.47835,3.08903,IN
27,269,12,4.38004,3.03228,IN
27,269,13,4.28179,3.08903,IN
27,269,14,4.18354,3.03228,IN
27,269,15,4.18354,2.91883,IN
27,269,16,4.08524,2.86208,IN
27,269,17,3.98699,2.91883,IN
27,269,18,3.98699,3.03228,IN
27,269,19,3.88872,3.08903,IN
27,269,20,3.88872,3.20247,IN
27,269,21,3.98699,3.25922,IN
27,269,22,3.98699,3.37272,IN
27,269,23,3.88872,3.42947,IN
27,269,24,3.88872,3.54292,IN
27,269,25,3.79042,3.59967,IN
27,269,26,3.79042,3.71317,IN
27,269,27,3.88872,3.76986,IN
27,269,28,3.98699,3.71317,IN
28,287,1,1.03879,3.59967,CA
28,287,2,1.1371,3.54292,CA
28,287,3,1.23535,3.59967,CA
28,287,4,1.3336,3.54292,CA
28,287,5,1.3336,3.42947,CA
28,287,6,1.43192,3.37272,CA
28,287,7,1.53017,3.42947,CA
28,287,8,1.62847,3.37272,CA
28,287,9,1.62847,3.25922,CA
28,287,10,1.72672,3.20247,CA
28,287,11,1.72672,3.08903,CA
28,287,12,1.62847,3.03228,CA
28,287,13,1.62847,2.91883,CA
28,287,14,1.72672,2.86208,CA
28,287,15,1.72672,2.74858,CA
28,287,16,1.62847,2.69185,CA
28,287,17,1.62847,2.5784,CA
28,287,18,1.72672,2.52165,CA
28,287,19,1.72672,2.40815,CA
28,287,20,1.62847,2.35146,CA
28,287,21,1.62847,2.23796,CA
28,287,22,1.53017,2.18121,CA
28,287,23,1.53017,2.06776,CA
28,287,24,1.62847,2.01096,CA
28,287,25,1.62847,1.89751,CA
28,287,26,1.53017,1.84082,CA
28,287,27,1.43192,1.89751,CA
28,287,28,1.3336,1.84082,CA
28,287,29,1.23535,1.89751,CA
28,287,30,1.1371,1.84082,CA
28,287,31,1.03879,1.89751,CA
28,287,32,0.940539,1.84082,CA
28,287,33,0.842285,1.89751,CA
28,287,34,0.842285,2.01096,CA
28,287,35,0.743978,2.06776,CA
28,287,36,0.645725,2.01096,CA
28,287,37,0.547472,2.06776,CA
28,287,38,0.547472,2.18121,CA
28,287,39,0.449164,2.23796,CA
28,287,40,0.449164,2.35146,CA
28,287,41,0.350911,2.40815,CA
28,287,42,0.350911,2.52165,CA
28,287,43,0.449164,2.5784,CA
28,287,44,0.449164,2.69185,CA
28,287,45,0.350911,2.74858,CA
28,287,46,0.350911,2.86208,CA
28,287,47,0.449164,2.91883,CA
28,287,48,0.449164,3.03228,CA
28,287,49,0.547472,3.08903,CA
28,287,50,0.547472,3.20247,CA
28,287,51,0.645725,3.25922,CA
28,287,52,0.645725,3.37272,CA
28,287,53,0.743978,3.42947,CA
28,287,54,0.743978,3.54292,CA
28,287,55,0.842285,3.59967,CA
28,287,56,0.940539,3.54292,CA
29,2C1,1,3.00424,3.59967,IA
29,2C1,2,3.10254,3.54292,IA
29,2C1,3,3.10254,3.42947,IA
29,2C1,4,3.20079,3.37272,IA
29,2C1,5,3.20079,3.25922,IA
29,2C1,6,3.29904,3.20247,IA
29,2C1,7,3.29904,3.08903,IA
29,2C1,8,3.20079,3.03228,IA
29,2C1,9,3.10254,3.08903,IA
29,2C1,10,3.00424,3.03228,IA
29,2C1,11,2.90597,3.08903,IA
29,2C1,12,2.90597,3.20247,IA
29,2C1,13,2.80772,3.25922,IA
29,2C1,14,2.80772,3.37272,IA
29,2C1,15,2.70942,3.42947,IA
29,2C1,16,2.70942,3.54292,IA
29,2C1,17,2.80772,3.59967,IA
29,2C1,18,2.90597,3.54292,IA
30,2D5,1,6.54204,5.30181,NY
30,2D5,2,6.64035,5.24507,NY
30,2D5,3,6.64035,5.13157,NY
30,2D5,4,6.73861,5.07482,NY
30,2D5,5,6.73861,4.96137,NY
30,2D5,6,6.64035,4.90462,NY
30,2D5,7,6.64035,4.79112,NY
30,2D5,8,6.54204,4.73443,NY
30,2D5,9,6.54204,4.62088,NY
30,2D5,10,6.44379,4.56418,NY
30,2D5,11,6.44379,4.45074,NY
30,2D5,12,6.54204,4.39399,NY
30,2D5,13,6.54204,4.28049,NY
30,2D5,14,6.44379,4.22379,NY
30,2D5,15,6.44379,4.11029,NY
30,2D5,16,6.54204,4.05354,NY
30,2D5,17,6.54204,3.94011,NY
30,2D5,18,6.64035,3.88336,NY
30,2D5,19,6.64035,3.76986,NY
30,2D5,20,6.54204,3.71317,NY
30,2D5,21,6.44379,3.76986,NY
30,2D5,22,6.44379,3.88336,NY
30,2D5,23,6.34549,3.94011,NY
30,2D5,24,6.34549,4.05354,NY
30,2D5,25,6.24724,4.11029,NY
30,2D5,26,6.14899,4.05354,NY
30,2D5,27,6.05072,4.11029,NY
30,2D5,28,6.05072,4.22379,NY
30,2D5,29,5.95242,4.28049,NY
30,2D5,30,5.85417,4.22379,NY
30,2D5,31,5.75586,4.28049,NY
30,2D5,32,5.65761,4.22379,NY
30,2D5,33,5.55935,4.28049,NY
30,2D5,34,5.46104,4.22379,NY
30,2D5,35,5.36279,4.28049,NY
30,2D5,36,5.36279,4.39399,NY
30,2D5,37,5.26454,4.45074,NY
30,2D5,38,5.26454,4.56418,NY
30,2D5,39,5.36279,4.62088,NY
30,2D5,40,5.46104,4.56418,NY
30,2D5,41,5.55935,4.62088,NY
30,2D5,42,5.55935,4.73443,NY
30,2D5,43,5.65761,4.79112,NY
30,2D5,44,5.75586,4.73443,NY
30,2D5,45,5.85417,4.79112,NY
30,2D5,46,5.95242,4.73443,NY
30,2D5,47,6.05072,4.79112,NY
30,2D5,48,6.05072,4.90462,NY
30,2D5,49,6.14899,4.96137,NY
30,2D5,50,6.14899,5.07482,NY
30,2D5,51,6.24724,5.13157,NY
30,2D5,52,6.24724,5.24507,NY
30,2D5,53,6.34549,5.30181,NY
30,2D5,54,6.44379,5.24507,NY
31,30D,1,5.55935,3.59967,MD
31,30D,2,5.65761,3.54292,MD
31,30D,3,5.65761,3.42947,MD
31,30D,4,5.75586,3.37272,MD
31,30D,5,5.75586,3.25922,MD
31,30D,6,5.85417,3.20247,MD
31,30D,7,5.85417,3.08903,MD
31,30D,8,5.95242,3.03228,MD
31,30D,9,5.95242,2.91883,MD
31,30D,10,5.85417,2.86208,MD
31,30D,11,5.75586,2.91883,MD
31,30D,12,5.65761,2.86208,MD
31,30D,13,5.55935,2.91883,MD
31,30D,14,5.55935,3.03228,MD
31,30D,15,5.46104,3.08903,MD
31,30D,16,5.46104,3.20247,MD
31,30D,17,5.36279,3.25922,MD
31,30D,18,5.26454,3.20247,MD
31,30D,19,5.26454,3.08903,MD
31,30D,20,5.16624,3.03228,MD
31,30D,21,5.06799,3.08903,MD
31,30D,22,5.06799,3.20247,MD
31,30D,23,5.16624,3.25922,MD
31,30D,24,5.16624,3.37272,MD
31,30D,25,5.26454,3.42947,MD
31,30D,26,5.26454,3.54292,MD
31,30D,27,5.36279,3.59967,MD
31,30D,28,5.46104,3.54292,MD
32,32B,1,5.85417,3.20247,DE
32,32B,2,5.75586,3.25922,DE
32,32B,3,5.75586,3.37272,DE
32,32B,4,5.65761,3.42947,DE
32,32B,5,5.65761,3.54292,DE
32,32B,6,5.75586,3.59967,DE
32,32B,7,5.85417,3.54292,DE
32,32B,8,5.85417,3.42947,DE
32,32B,9,5.95242,3.37272,DE
32,32B,10,5.95242,3.25922,DE
32,32B,11,6.05072,3.20247,DE
32,32B,12,6.05072,3.08903,DE
32,32B,13,5.95242,3.03228,DE
32,32B,14,5.85417,3.08903,DE
33,33B,1,1.82497,2.5784,NV
33,33B,2,1.72672,2.52165,NV
33,33B,3,1.62847,2.5784,NV
33,33B,4,1.62847,2.69185,NV
33,33B,5,1.72672,2.74858,NV
33,33B,6,1.72672,2.86208,NV
33,33B,7,1.62847,2.91883,NV
33,33B,8,1.62847,3.03228,NV
33,33B,9,1.72672,3.08903,NV
33,33B,10,1.72672,3.20247,NV
33,33B,11,1.62847,3.25922,NV
33,33B,12,1.62847,3.37272,NV
33,33B,13,1.72672,3.42947,NV
33,33B,14,1.82497,3.37272,NV
33,33B,15,1.82497,3.25922,NV
33,33B,16,1.92324,3.20247,NV
33,33B,17,1.92324,3.08903,NV
33,33B,18,1.82497,3.03228,NV
33,33B,19,1.82497,2.91883,NV
33,33B,20,1.92324,2.86208,NV
33,33B,21,1.92324,2.74858,NV
33,33B,22,2.02154,2.69185,NV
33,33B,23,2.02154,2.5784,NV
33,33B,24,1.92324,2.52165,NV
34,355,1,2.11979,2.86208,UT
34,355,2,2.11979,2.74858,UT
34,355,3,2.2181,2.69185,UT
34,355,4,2.2181,2.5784,UT
34,355,5,2.11979,2.52165,UT
34,355,6,2.02154,2.5784,UT
34,355,7,2.02154,2.69185,UT
34,355,8,1.92324,2.74858,UT
34,355,9,1.92324,2.86208,UT
34,355,10,1.82497,2.91883,UT
34,355,11,1.82497,3.03228,UT
34,355,12,1.92324,3.08903,UT
34,355,13,1.92324,3.20247,UT
34,355,14,1.82497,3.25922,UT
34,355,15,1.82497,3.37272,UT
34,355,16,1.92324,3.42947,UT
34,355,17,2.02154,3.37272,UT
34,355,18,2.02154,3.25922,UT
34,355,19,2.11979,3.20247,UT
34,355,20,2.11979,3.08903,UT
34,355,21,2.2181,3.03228,UT
34,355,22,2.2181,2.91883,UT
35,36D,1,2.31635,3.42947,CO
35,36D,2,2.41461,3.37272,CO
35,36D,3,2.41461,3.25922,CO
35,36D,4,2.51292,3.20247,CO
35,36D,5,2.51292,3.08903,CO
35,36D,6,2.41461,3.03228,CO
35,36D,7,2.41461,2.91883,CO
35,36D,8,2.51292,2.86208,CO
35,36D,9,2.51292,2.74858,CO
35,36D,10,2.61117,2.69185,CO
35,36D,11,2.61117,2.5784,CO
35,36D,12,2.51292,2.52165,CO
35,36D,13,2.41461,2.5784,CO
35,36D,14,2.31635,2.52165,CO
35,36D,15,2.2181,2.5784,CO
35,36D,16,2.2181,2.69185,CO
35,36D,17,2.11979,2.74858,CO
35,36D,18,2.11979,2.86208,CO
35,36D,19,2.2181,2.91883,CO
35,36D,20,2.2181,3.03228,CO
35,36D,21,2.11979,3.08903,CO
35,36D,22,2.11979,3.20247,CO
35,36D,23,2.02154,3.25922,CO
35,36D,24,2.02154,3.37272,CO
35,36D,25,2.11979,3.42947,CO
35,36D,26,2.2181,3.37272,CO
36,389,1,2.80772,3.25922,KS
36,389,2,2.90597,3.20247,KS
36,389,3,2.90597,3.08903,KS
36,389,4,2.80772,3.03228,KS
36,389,5,2.80772,2.91883,KS
36,389,6,2.90597,2.86208,KS
36,389,7,2.90597,2.74858,KS
36,389,8,2.80772,2.69185,KS
36,389,9,2.70942,2.74858,KS
36,389,10,2.61117,2.69185,KS
36,389,11,2.51292,2.74858,KS
36,389,12,2.51292,2.86208,KS
36,389,13,2.41461,2.91883,KS
36,389,14,2.41461,3.03228,KS
36,389,15,2.51292,3.08903,KS
36,389,16,2.51292,3.20247,KS
36,389,17,2.61117,3.25922,KS
36,389,18,2.70942,3.20247,KS
37,39D,1,5.36279,2.91883,DC
37,39D,2,5.26454,2.86208,DC
37,39D,3,5.16624,2.91883,DC
37,39D,4,5.16624,3.03228,DC
37,39D,5,5.26454,3.08903,DC
37,39D,6,5.26454,3.20247,DC
37,39D,7,5.36279,3.25922,DC
37,39D,8,5.46104,3.20247,DC
37,39D,9,5.46104,3.08903,DC
37,39D,10,5.55935,3.03228,DC
37,39D,11,5.55935,2.91883,DC
37,39D,12,5.46104,2.86208,DC
38,3AB,1,3.10254,3.08903,MO
38,3AB,2,3.20079,3.03228,MO
38,3AB,3,3.29904,3.08903,MO
38,3AB,4,3.39735,3.03228,MO
38,3AB,5,3.39735,2.91883,MO
38,3AB,6,3.49561,2.86208,MO
38,3AB,7,3.59392,2.91883,MO
38,3AB,8,3.69217,2.86208,MO
38,3AB,9,3.69217,2.74858,MO
38,3AB,10,3.79042,2.69185,MO
38,3AB,11,3.79042,2.5784,MO
38,3AB,12,3.69217,2.52165,MO
38,3AB,13,3.59392,2.5784,MO
38,3AB,14,3.49561,2.52165,MO
38,3AB,15,3.39735,2.5784,MO
38,3AB,16,3.29904,2.52165,MO
38,3AB,17,3.20079,2.5784,MO
38,3AB,18,3.20079,2.69185,MO
38,3AB,19,3.10254,2.74858,MO
38,3AB,20,3.00424,2.69185,MO
38,3AB,21,2.90597,2.74858,MO
38,3AB,22,2.90597,2.86208,MO
38,3AB,23,2.80772,2.91883,MO
38,3AB,24,2.80772,3.03228,MO
38,3AB,25,2.90597,3.08903,MO
38,3AB,26,3.00424,3.03228,MO
39,3C7,1,4.47835,3.08903,KY
39,3C7,2,4.57661,3.03228,KY
39,3C7,3,4.57661,2.91883,KY
39,3C7,4,4.47835,2.86208,KY
39,3C7,5,4.47835,2.74858,KY
39,3C7,6,4.57661,2.69185,KY
39,3C7,7,4.57661,2.5784,KY
39,3C7,8,4.47835,2.52165,KY
39,3C7,9,4.38004,2.5784,KY
39,3C7,10,4.28179,2.52165,KY
39,3C7,11,4.18354,2.5784,KY
39,3C7,12,4.08524,2.52165,KY
39,3C7,13,3.98699,2.5784,KY
39,3C7,14,3.88872,2.52165,KY
39,3C7,15,3.79042,2.5784,KY
39,3C7,16,3.79042,2.69185,KY
39,3C7,17,3.88872,2.74858,KY
39,3C7,18,3.98699,2.69185,KY
39,3C7,19,4.08524,2.74858,KY
39,3C7,20,4.08524,2.86208,KY
39,3C7,21,4.18354,2.91883,KY
39,3C7,22,4.18354,3.03228,KY
39,3C7,23,4.28179,3.08903,KY
39,3C7,24,4.38004,3.03228,KY
40,30,1,5.06799,3.08903,VA
40,30,2,5.16624,3.03228,VA
40,30,3,5.16624,2.91883,VA
40,30,4,5.26454,2.86208,VA
40,30,5,5.36279,2.91883,VA
40,30,6,5.46104,2.86208,VA
40,30,7,5.55935,2.91883,VA
40,30,8,5.65761,2.86208,VA
40,30,9,5.65761,2.74858,VA
40,30,10,5.55935,2.69185,VA
40,30,11,5.55935,2.5784,VA
40,30,12,5.46104,2.52165,VA
40,30,13,5.36279,2.5784,VA
40,30,14,5.26454,2.52165,VA
40,30,15,5.16624,2.5784,VA
40,30,16,5.06799,2.52165,VA
40,30,17,4.96972,2.5784,VA
40,30,18,4.87142,2.52165,VA
40,30,19,4.77317,2.5784,VA
40,30,20,4.67492,2.52165,VA
40,30,21,4.57661,2.5784,VA
40,30,22,4.57661,2.69185,VA
40,30,23,4.47835,2.74858,VA
40,30,24,4.47835,2.86208,VA
40,30,25,4.57661,2.91883,VA
40,30,26,4.67492,2.86208,VA
40,30,27,4.77317,2.91883,VA
40,30,28,4.77317,3.03228,VA
40,30,29,4.87142,3.08903,VA
40,30,30,4.96972,3.03228,VA
41,401,1,2.90597,2.74858,OK
41,401,2,3.00424,2.69185,OK
41,401,3,3.10254,2.74858,OK
41,401,4,3.20079,2.69185,OK
41,401,5,3.20079,2.5784,OK
41,401,6,3.10254,2.52165,OK
41,401,7,3.10254,2.40815,OK
41,401,8,3.00424,2.35146,OK
41,401,9,3.00424,2.23796,OK
41,401,10,2.90597,2.18121,OK
41,401,11,2.80772,2.23796,OK
41,401,12,2.80772,2.35146,OK
41,401,13,2.70942,2.40815,OK
41,401,14,2.61117,2.35146,OK
41,401,15,2.51292,2.40815,OK
41,401,16,2.51292,2.52165,OK
41,401,17,2.61117,2.5784,OK
41,401,18,2.61117,2.69185,OK
41,401,19,2.70942,2.74858,OK
41,401,20,2.80772,2.69185,OK
42,417,1,2.02154,2.5784,AZ
42,417,2,2.11979,2.52165,AZ
42,417,3,2.2181,2.5784,AZ
42,417,4,2.31635,2.52165,AZ
42,417,5,2.31635,2.40815,AZ
42,417,6,2.2181,2.35146,AZ
42,417,7,2.2181,2.23796,AZ
42,417,8,2.11979,2.18121,AZ
42,417,9,2.11979,2.06776,AZ
42,417,10,2.02154,2.01096,AZ
42,417,11,2.02154,1.89751,AZ
42,417,12,1.92324,1.84082,AZ
42,417,13,1.82497,1.89751,AZ
42,417,14,1.72672,1.84082,AZ
42,417,15,1.62847,1.89751,AZ
42,417,16,1.62847,2.01096,AZ
42,417,17,1.53017,2.06776,AZ
42,417,18,1.53017,2.18121,AZ
42,417,19,1.62847,2.23796,AZ
42,417,20,1.62847,2.35146,AZ
42,417,21,1.72672,2.40815,AZ
42,417,22,1.72672,2.52165,AZ
42,417,23,1.82497,2.5784,AZ
42,417,24,1.92324,2.52165,AZ
43,431,1,2.02154,1.89751,NM
43,431,2,2.02154,2.01096,NM
43,431,3,2.11979,2.06776,NM
43,431,4,2.11979,2.18121,NM
43,431,5,2.2181,2.23796,NM
43,431,6,2.2181,2.35146,NM
43,431,7,2.31635,2.40815,NM
43,431,8,2.31635,2.52165,NM
43,431,9,2.41461,2.5784,NM
43,431,10,2.51292,2.52165,NM
43,431,11,2.51292,2.40815,NM
43,431,12,2.41461,2.35146,NM
43,431,13,2.41461,2.23796,NM
43,431,14,2.31635,2.18121,NM
43,431,15,2.31635,2.06776,NM
43,431,16,2.2181,2.01096,NM
43,431,17,2.2181,1.89751,NM
43,431,18,2.11979,1.84082,NM
43,431,19,2.11979,1.72732,NM
43,431,20,2.02154,1.67057,NM
43,431,21,1.92324,1.72732,NM
43,431,22,1.92324,1.84082,NM
44,449,1,3.39735,2.5784,AR
44,449,2,3.49561,2.52165,AR
44,449,3,3.49561,2.40815,AR
44,449,4,3.59392,2.35146,AR
44,449,5,3.59392,2.23796,AR
44,449,6,3.69217,2.18121,AR
44,449,7,3.69217,2.06776,AR
44,449,8,3.59392,2.01096,AR
44,449,9,3.49561,2.06776,AR
44,449,10,3.39735,2.01096,AR
44,449,11,3.29904,2.06776,AR
44,449,12,3.29904,2.18121,AR
44,449,13,3.20079,2.23796,AR
44,449,14,3.20079,2.35146,AR
44,449,15,3.10254,2.40815,AR
44,449,16,3.10254,2.52165,AR
44,449,17,3.20079,2.5784,AR
44,449,18,3.29904,2.52165,AR
45,45D,1,3.79042,2.5784,TN
45,45D,2,3.88872,2.52165,TN
45,45D,3,3.98699,2.5784,TN
45,45D,4,4.08524,2.52165,TN
45,45D,5,4.18354,2.5784,TN
45,45D,6,4.28179,2.52165,TN
45,45D,7,4.38004,2.5784,TN
45,45D,8,4.47835,2.52165,TN
45,45D,9,4.57661,2.5784,TN
45,45D,10,4.67492,2.52165,TN
45,45D,11,4.67492,2.40815,TN
45,45D,12,4.57661,2.35146,TN
45,45D,13,4.57661,2.23796,TN
45,45D,14,4.47835,2.18121,TN
45,45D,15,4.38004,2.23796,TN
45,45D,16,4.28179,2.18121,TN
45,45D,17,4.18354,2.23796,TN
45,45D,18,4.08524,2.18121,TN
45,45D,19,3.98699,2.23796,TN
45,45D,20,3.88872,2.18121,TN
45,45D,21,3.79042,2.23796,TN
45,45D,22,3.69217,2.18121,TN
45,45D,23,3.59392,2.23796,TN
45,45D,24,3.59392,2.35146,TN
45,45D,25,3.49561,2.40815,TN
45,45D,26,3.49561,2.52165,TN
45,45D,27,3.59392,2.5784,TN
45,45D,28,3.69217,2.52165,TN
46,47B,1,4.96972,2.5784,NC
46,47B,2,5.06799,2.52165,NC
46,47B,3,5.16624,2.5784,NC
46,47B,4,5.26454,2.52165,NC
46,47B,5,5.36279,2.5784,NC
46,47B,6,5.46104,2.52165,NC
46,47B,7,5.55935,2.5784,NC
46,47B,8,5.65761,2.52165,NC
46,47B,9,5.65761,2.40815,NC
46,47B,10,5.55935,2.35146,NC
46,47B,11,5.55935,2.23796,NC
46,47B,12,5.65761,2.18121,NC
46,47B,13,5.65761,2.06776,NC
46,47B,14,5.55935,2.01096,NC
46,47B,15,5.46104,2.06776,NC
46,47B,16,5.36279,2.01096,NC
46,47B,17,5.26454,2.06776,NC
46,47B,18,5.16624,2.01096,NC
46,47B,19,5.06799,2.06776,NC
46,47B,20,4.96972,2.01096,NC
46,47B,21,4.87142,2.06776,NC
46,47B,22,4.77317,2.01096,NC
46,47B,23,4.67492,2.06776,NC
46,47B,24,4.67492,2.18121,NC
46,47B,25,4.57661,2.23796,NC
46,47B,26,4.57661,2.35146,NC
46,47B,27,4.67492,2.40815,NC
46,47B,28,4.67492,2.52165,NC
46,47B,29,4.77317,2.5784,NC
46,47B,30,4.87142,2.52165,NC
47,49B,1,2.70942,2.40815,TX
47,49B,2,2.80772,2.35146,TX
47,49B,3,2.80772,2.23796,TX
47,49B,4,2.90597,2.18121,TX
47,49B,5,3.00424,2.23796,TX
47,49B,6,3.00424,2.35146,TX
47,49B,7,3.10254,2.40815,TX
47,49B,8,3.20079,2.35146,TX
47,49B,9,3.20079,2.23796,TX
47,49B,10,3.29904,2.18121,TX
47,49B,11,3.29904,2.06776,TX
47,49B,12,3.39735,2.01096,TX
47,49B,13,3.39735,1.89751,TX
47,49B,14,3.29904,1.84082,TX
47,49B,15,3.29904,1.72732,TX
47,49B,16,3.39735,1.67057,TX
47,49B,17,3.39735,1.55712,TX
47,49B,18,3.29904,1.50038,TX
47,49B,19,3.20079,1.55712,TX
47,49B,20,3.10254,1.50038,TX
47,49B,21,3.10254,1.38688,TX
47,49B,22,3.00424,1.33019,TX
47,49B,23,3.00424,1.21669,TX
47,49B,24,2.90597,1.15994,TX
47,49B,25,2.90597,1.0465,TX
47,49B,26,2.80772,0.989746,TX
47,49B,27,2.80772,0.876247,TX
47,49B,28,2.70942,0.819553,TX
47,49B,29,2.61117,0.876247,TX
47,49B,30,2.61117,0.989746,TX
47,49B,31,2.51292,1.0465,TX
47,49B,32,2.51292,1.15994,TX
47,49B,33,2.41461,1.21669,TX
47,49B,34,2.41461,1.33019,TX
47,49B,35,2.31635,1.38688,TX
47,49B,36,2.2181,1.33019,TX
47,49B,37,2.11979,1.38688,TX
47,49B,38,2.11979,1.50038,TX
47,49B,39,2.02154,1.55712,TX
47,49B,40,2.02154,1.67057,TX
47,49B,41,2.11979,1.72732,TX
47,49B,42,2.11979,1.84082,TX
47,49B,43,2.2181,1.89751,TX
47,49B,44,2.2181,2.01096,TX
47,49B,45,2.31635,2.06776,TX
47,49B,46,2.31635,2.18121,TX
47,49B,47,2.41461,2.23796,TX
47,49B,48,2.41461,2.35146,TX
47,49B,49,2.51292,2.40815,TX
47,49B,50,2.61117,2.35146,TX
48,4CF,1,3.98699,2.23796,MS
48,4CF,2,4.08524,2.18121,MS
48,4CF,3,4.08524,2.06776,MS
48,4CF,4,3.98699,2.01096,MS
48,4CF,5,3.98699,1.89751,MS
48,4CF,6,4.08524,1.84082,MS
48,4CF,7,4.08524,1.72732,MS
48,4CF,8,3.98699,1.67057,MS
48,4CF,9,3.98699,1.55712,MS
48,4CF,10,3.88872,1.50038,MS
48,4CF,11,3.79042,1.55712,MS
48,4CF,12,3.79042,1.67057,MS
48,4CF,13,3.69217,1.72732,MS
48,4CF,14,3.69217,1.84082,MS
48,4CF,15,3.79042,1.89751,MS
48,4CF,16,3.79042,2.01096,MS
48,4CF,17,3.69217,2.06776,MS
48,4CF,18,3.69217,2.18121,MS
48,4CF,19,3.79042,2.23796,MS
48,4CF,20,3.88872,2.18121,MS
49,ZZ1,1,4.38004,1.89751,AL
49,ZZ1,2,4.47835,1.84082,AL
49,ZZ1,3,4.47835,1.72732,AL
49,ZZ1,4,4.38004,1.67057,AL
49,ZZ1,5,4.38004,1.55712,AL
49,ZZ1,6,4.47835,1.50038,AL
49,ZZ1,7,4.47835,1.38688,AL
49,ZZ1,8,4.38004,1.33019,AL
49,ZZ1,9,4.28179,1.38688,AL
49,ZZ1,10,4.18354,1.33019,AL
49,ZZ1,11,4.08524,1.38688,AL
49,ZZ1,12,4.08524,1.50038,AL
49,ZZ1,13,3.98699,1.55712,AL
49,ZZ1,14,3.98699,1.67057,AL
49,ZZ1,15,4.08524,1.72732,AL
49,ZZ1,16,4.08524,1.84082,AL
49,ZZ1,17,3.98699,1.89751,AL
49,ZZ1,18,3.98699,2.01096,AL
49,ZZ1,19,4.08524,2.06776,AL
49,ZZ1,20,4.08524,2.18121,AL
49,ZZ1,21,4.18354,2.23796,AL
49,ZZ1,22,4.28179,2.18121,AL
49,ZZ1,23,4.28179,2.06776,AL
49,ZZ1,24,4.38004,2.01096,AL
50,4FF,1,4.57661,2.23796,GA
50,4FF,2,4.67492,2.18121,GA
50,4FF,3,4.67492,2.06776,GA
50,4FF,4,4.77317,2.01096,GA
50,4FF,5,4.87142,2.06776,GA
50,4FF,6,4.96972,2.01096,GA
50,4FF,7,4.96972,1.89751,GA
50,4FF,8,5.06799,1.84082,GA
50,4FF,9,5.06799,1.72732,GA
50,4FF,10,5.16624,1.67057,GA
50,4FF,11,5.16624,1.55712,GA
50,4FF,12,5.26454,1.50038,GA
50,4FF,13,5.26454,1.38688,GA
50,4FF,14,5.16624,1.33019,GA
50,4FF,15,5.06799,1.38688,GA
50,4FF,16,4.96972,1.33019,GA
50,4FF,17,4.87142,1.38688,GA
50,4FF,18,4.77317,1.33019,GA
50,4FF,19,4.67492,1.38688,GA
50,4FF,20,4.57661,1.33019,GA
50,4FF,21,4.47835,1.38688,GA
50,4FF,22,4.47835,1.50038,GA
50,4FF,23,4.38004,1.55712,GA
50,4FF,24,4.38004,1.67057,GA
50,4FF,25,4.47835,1.72732,GA
50,4FF,26,4.47835,1.84082,GA
50,4FF,27,4.38004,1.89751,GA
50,4FF,28,4.38004,2.01096,GA
50,4FF,29,4.28179,2.06776,GA
50,4FF,30,4.28179,2.18121,GA
50,4FF,31,4.38004,2.23796,GA
50,4FF,32,4.47835,2.18121,GA
51,521,1,3.69217,2.06776,LA
51,521,2,3.79042,2.01096,LA
51,521,3,3.79042,1.89751,LA
51,521,4,3.69217,1.84082,LA
51,521,5,3.69217,1.72732,LA
51,521,6,3.79042,1.67057,LA
51,521,7,3.79042,1.55712,LA
51,521,8,3.88872,1.50038,LA
51,521,9,3.88872,1.38688,LA
51,521,10,3.79042,1.33019,LA
51,521,11,3.69217,1.38688,LA
51,521,12,3.59392,1.33019,LA
51,521,13,3.49561,1.38688,LA
51,521,14,3.49561,1.50038,LA
51,521,15,3.39735,1.55712,LA
51,521,16,3.39735,1.67057,LA
51,521,17,3.29904,1.72732,LA
51,521,18,3.29904,1.84082,LA
51,521,19,3.39735,1.89751,LA
51,521,20,3.39735,2.01096,LA
51,521,21,3.49561,2.06776,LA
51,521,22,3.59392,2.01096,LA
52,539,1,5.26454,2.06776,SC
52,539,2,5.36279,2.01096,SC
52,539,3,5.46104,2.06776,SC
52,539,4,5.55935,2.01096,SC
52,539,5,5.65761,2.06776,SC
52,539,6,5.75586,2.01096,SC
52,539,7,5.75586,1.89751,SC
52,539,8,5.65761,1.84082,SC
52,539,9,5.65761,1.72732,SC
52,539,10,5.55935,1.67057,SC
52,539,11,5.55935,1.55712,SC
52,539,12,5.46104,1.50038,SC
52,539,13,5.36279,1.55712,SC
52,539,14,5.26454,1.50038,SC
52,539,15,5.16624,1.55712,SC
52,539,16,5.16624,1.67057,SC
52,539,17,5.06799,1.72732,SC
52,539,18,5.06799,1.84082,SC
52,539,19,4.96972,1.89751,SC
52,539,20,4.96972,2.01096,SC
52,539,21,5.06799,2.06776,SC
52,539,22,5.16624,2.01096,SC
53,551,1,4.67492,3.08903,WV
53,551,2,4.67492,3.20247,WV
53,551,3,4.77317,3.25922,WV
53,551,4,4.87142,3.20247,WV
53,551,5,4.96972,3.25922,WV
53,551,6,4.96972,3.37272,WV
53,551,7,5.06799,3.42947,WV
53,551,8,5.06799,3.54292,WV
53,551,9,5.16624,3.59967,WV
53,551,10,5.26454,3.54292,WV
53,551,11,5.26454,3.42947,WV
53,551,12,5.16624,3.37272,WV
53,551,13,5.16624,3.25922,WV
53,551,14,5.06799,3.20247,WV
53,551,15,5.06799,3.08903,WV
53,551,16,4.96972,3.03228,WV
53,551,17,4.87142,3.08903,WV
53,551,18,4.77317,3.03228,WV
53,551,19,4.77317,2.91883,WV
53,551,20,4.67492,2.86208,WV
53,551,21,4.57661,2.91883,WV
53,551,22,4.57661,3.03228,WV
54,569,1,0.547472,1.0465,AK
54,569,2,0.449164,0.989746,AK
54,569,3,0.350911,1.0465,AK
54,569,4,0.350911,1.15994,AK
54,569,5,0.449164,1.21669,AK
54,569,6,0.449164,1.33019,AK
54,569,7,0.547472,1.38688,AK
54,569,8,0.645725,1.33019,AK
54,569,9,0.645725,1.21669,AK
54,569,10,0.743978,1.15994,AK
54,569,11,0.743978,1.0465,AK
54,569,12,0.645725,0.989746,AK