market,state,biden_number,trump_number,other_number,biden_percent,trump_percent
Abilene,TX,24404,100838,1727,0.19220439634871503,0.7941938583433752
Abilene,Total,24404,100838,1727,0.19220439634871503,0.7941938583433752
"Albany, GA",GA,65769,99374,1342,0.3950445986124876,0.5968946151304922
"Albany, GA",Total,65769,99374,1342,0.3950445986124876,0.5968946151304922
"Albany, NY",MA,51705,18064,1606,0.7244133099824869,0.2530858143607706
"Albany, NY",NY,333749,282253,14235,0.5295611016173281,0.4478521572043533
"Albany, NY",VT,12705,7114,643,0.6209070472094614,0.34766884957482164
"Albany, NY",Total,398159,307431,16484,0.5514102432714653,0.42576107157992116
Albuquerque,AZ,23293,11442,533,0.6604570715662924,0.32443007825791087
Albuquerque,CO,26384,23539,1244,0.5156448492192234,0.46004260558563137
Albuquerque,NM,445995,349992,17966,0.5479370430479401,0.42999042942282906
Albuquerque,Total,495672,384973,19743,0.5505093359751574,0.42756345042359517
Alexandria,LA,28509,72599,1709,0.2772790491844734,0.7060991859322875
Alexandria,Total,28509,72599,1709,0.2772790491844734,0.7060991859322875
Alpena,MI,8142,15534,357,0.33878417176382475,0.6463612532767444
Alpena,Total,8142,15534,357,0.33878417176382475,0.6463612532767444
Amarillo,NM,7662,19100,609,0.2799313141646268,0.6978188593767126
Amarillo,OK,1154,7443,156,0.1318405118245173,0.850337027304924
Amarillo,TX,31223,126889,2446,0.194465551389529,0.7903000784763139
Amarillo,Total,40039,153432,3211,0.20357226385739416,0.7801018903610905
Atlanta,AL,2878,15043,143,0.15932240921169177,0.8327612931798052
Atlanta,GA,1834670,1583880,44903,0.5297227939862328,0.4573123989267358
Atlanta,NC,1699,5112,82,0.24648193819817205,0.7416219352966777
Atlanta,Total,1839247,1604035,45128,0.5272450772701603,0.45981836997371295
Augusta,GA,111713,109537,2885,0.4984183639324514,0.4887099292836906
Augusta,SC,51363,71475,1744,0.41228267325937934,0.5737185147132009
Augusta,Total,163076,181012,4629,0.46764568403605217,0.5190799416145471
Austin,TX,679384,442513,21436,0.5942135843188292,0.38703772216843213
Austin,Total,679384,442513,21436,0.5942135843188292,0.38703772216843213
Bakersfield,CA,133366,164484,7442,0.43684734614729503,0.5387759915097677
Bakersfield,Total,133366,164484,7442,0.43684734614729503,0.5387759915097677
Baltimore,MD,916480,563539,40461,0.6027570240976534,0.37063230032621275
Baltimore,Total,916480,563539,40461,0.6027570240976534,0.37063230032621275
Bangor,ME,89916,104004,5871,0.45005030256618167,0.5205639893688905
Bangor,Total,89916,104004,5871,0.45005030256618167,0.5205639893688905
Baton Rouge,LA,186434,241787,8059,0.42732648757678554,0.5542014302741359
Baton Rouge,MS,5369,5827,127,0.47416762342135477,0.5146162677735583
Baton Rouge,Total,191803,247614,8186,0.4285114264202876,0.553200045576102
Beaumont,TX,61434,126232,2087,0.3237577271505589,0.6652437642619616
Beaumont,Total,61434,126232,2087,0.3237577271505589,0.6652437642619616
Bend,OR,65962,55646,3626,0.5267099988820927,0.4443362026286791
Bend,Total,65962,55646,3626,0.5267099988820927,0.4443362026286791
Billings,MT,46575,83363,3414,0.34926360309556664,0.6251349811026456
Billings,WY,4198,17619,652,0.18683519515777294,0.784147047042592
Billings,Total,50773,100982,4066,0.3258418313321054,0.648064124861219
Biloxi,MS,46905,89081,2320,0.33913929981345714,0.6440863013896722
Biloxi,Total,46905,89081,2320,0.33913929981345714,0.6440863013896722
Binghamton,NY,74087,85475,3831,0.4534282374397924,0.5231252256828628
Binghamton,Total,74087,85475,3831,0.4534282374397924,0.5231252256828628
Birmingham,AL,338485,569069,12655,0.36783491576370153,0.6184127736199059
Birmingham,Total,338485,569069,12655,0.36783491576370153,0.6184127736199059
Bluefield,VA,3205,16731,198,0.15918347074600178,0.8309824178007351
Bluefield,WV,28539,88058,1549,0.24155705652328474,0.7453320467895654
Bluefield,Total,31744,104789,1747,0.22956320509111947,0.7578030083887763
Boise,ID,159794,234370,12796,0.3926528405740122,0.5759042657755062
Boise,OR,3260,8187,357,0.2761775669264656,0.6935784479837344
Boise,Total,163054,242557,13153,0.3893696688349524,0.5792212320065717
Boston,MA,1957780,908466,66013,0.6676695339668154,0.30981778894702
Boston,NH,355078,309480,13230,0.5238776726646089,0.4566029495948586
Boston,VT,18767,6440,828,0.7208373343575956,0.24735932398694066
Boston,Total,2331625,1224386,80071,0.6412465395444877,0.3367322299112066
Bowling Green,KY,32795,66537,1772,0.3243689666086406,0.6581045260326001
Bowling Green,Total,32795,66537,1772,0.3243689666086406,0.6581045260326001
Buffalo,NY,369015,357537,14488,0.4979690704955198,0.48248002806866025
Buffalo,PA,6824,21322,449,0.23864311942647315,0.7456548347613219
Buffalo,Total,375839,378859,14937,0.4883340804407284,0.4922580184113248
Burlington,NH,45570,31413,1593,0.5799480757483201,0.39977855833842396
Burlington,NY,37564,35158,1254,0.507786309073213,0.47526224721531307
Burlington,VT,211348,99150,10433,0.6585465411568219,0.3089449133925984
Burlington,Total,294482,165721,13280,0.6219484120866008,0.3500041184160783
Butte,MT,56754,57441,3420,0.4825404922841474,0.488381583981635
Butte,Total,56754,57441,3420,0.4825404922841474,0.488381583981635
Casper,WY,16043,48439,2390,0.23990608924512502,0.724353989711688
Casper,Total,16043,48439,2390,0.23990608924512502,0.724353989711688
Cedar Rapids,IA,253679,236524,10411,0.5067357285253709,0.4724678095298973
Cedar Rapids,Total,253679,236524,10411,0.5067357285253709,0.4724678095298973
Champaign,IL,184537,265381,10088,0.40116215875445105,0.5769076925083586
Champaign,Total,184537,265381,10088,0.40116215875445105,0.5769076925083586
"Charleston, SC",SC,235245,229066,8218,0.4978424604627441,0.48476601436102335
"Charleston, SC",Total,235245,229066,8218,0.4978424604627441,0.48476601436102335
"Charleston, WV",KY,28132,93479,1611,0.22830338738212333,0.7586226485530181
"Charleston, WV",OH,26693,77817,1334,0.2521919050678357,0.7352046407921091
"Charleston, WV",WV,81332,175017,4350,0.31197664739795705,0.6713374427980161
"Charleston, WV",Total,136157,346313,7295,0.27800475738364316,0.7071003440425511
Charlotte,NC,706530,793606,22437,0.46403686391391413,0.5212268968384439
Charlotte,SC,92317,132996,3238,0.4039229756159457,0.581909508162292
Charlotte,Total,798847,926602,25675,0.45619099504089944,0.5291469935881182
Charlottesville,VA,77437,44219,2486,0.6237776095116883,0.3561969357671054
Charlottesville,Total,77437,44219,2486,0.6237776095116883,0.3561969357671054
Chattanooga,GA,26944,92994,1598,0.22169562927856767,0.7651560031595577
Chattanooga,NC,3583,12628,212,0.2181696401388297,0.768921634293369
Chattanooga,TN,101037,193112,5323,0.3373837954800449,0.6448415878613025
Chattanooga,Total,131564,298734,7133,0.3007651492463954,0.682928278974284
Cheyenne,NE,4196,10952,376,0.270291162071631,0.7054882762174697
Cheyenne,WY,16420,32769,2034,0.3205591238310915,0.6397321515725358
Cheyenne,Total,20616,43721,2410,0.308867814283788,0.6550256940386834
Chicago,IL,2713612,1336190,73808,0.6580670819985401,0.3240340381364872
Chicago,IN,192350,179090,6483,0.5089661121445374,0.47387959981266026
Chicago,Total,2905962,1515280,80291,0.6455494161655596,0.3366142156460921
Chico,CA,97333,142020,6368,0.396111850431994,0.5779725786562809
Chico,Total,97333,142020,6368,0.396111850431994,0.5779725786562809
Cincinnati,IN,12807,48693,955,0.2050596429429189,0.7796493475302217
Cincinnati,KY,81408,152671,4685,0.3409559230034679,0.6394221909500595
Cincinnati,OH,411072,512352,14916,0.43808427648826653,0.5460195664684443
Cincinnati,Total,505287,713716,20556,0.40763448936274915,0.5757821935059162
Clarksburg,WV,31693,83682,2114,0.26975291303866744,0.7122539131322932
Clarksburg,Total,31693,83682,2114,0.26975291303866744,0.7122539131322932
Cleveland,OH,972315,953801,29855,0.4971009283879976,0.48763555287885146
Cleveland,Total,972315,953801,29855,0.4971009283879976,0.48763555287885146
Colorado Springs,CO,230234,293991,18153,0.4244899313762726,0.5420407907400374
Colorado Springs,Total,230234,293991,18153,0.4244899313762726,0.5420407907400374
"Columbia, MO",MO,86724,146377,5110,0.36406379218424,0.6144846375692139
"Columbia, MO",Total,86724,146377,5110,0.36406379218424,0.6144846375692139
"Columbia, SC",SC,284031,244156,7453,0.5302647300425659,0.45582107385557463
"Columbia, SC",Total,284031,244156,7453,0.5302647300425659,0.45582107385557463
"Columbus, GA",AL,50269,66460,1851,0.42392477652217914,0.5604655085174566
"Columbus, GA",GA,70553,60686,1413,0.5318653318457317,0.4574827367849712
"Columbus, GA",Total,120822,127146,3264,0.48091803591899124,0.5060899885364921
"Columbus, MS",AL,978,6174,41,0.13596552203531212,0.858334491867093
"Columbus, MS",MS,77454,139065,3060,0.3527386498708893,0.6333255912450644
"Columbus, MS",Total,78432,145239,3101,0.3458628049318258,0.6404626673487026
"Columbus, OH",OH,634004,629463,23594,0.49259825291885934,0.48907005961644395
"Columbus, OH",Total,634004,629463,23594,0.49259825291885934,0.48907005961644395
Corpus Christi,TX,94784,120145,2794,0.43534215493999256,0.5518250253762809
Corpus Christi,Total,94784,120145,2794,0.43534215493999256,0.5518250253762809
Dallas,TX,1590408,1737782,50396,0.4707318387041206,0.5143518619919695
Dallas,Total,1590408,1737782,50396,0.4707318387041206,0.5143518619919695
Davenport,IL,91527,105609,4178,0.45464796288385306,0.5245983885869835
Davenport,IA,85033,95406,3923,0.46122845271802215,0.5174927588114687
Davenport,Total,176560,201015,8101,0.45779358840062645,0.5212017340980513
Dayton,OH,237437,372962,11326,0.3819003578752664,0.5998825847440589
Dayton,Total,237437,372962,11326,0.3819003578752664,0.5998825847440589
Denver,CO,1508511,973413,65966,0.5920628441573224,0.38204671316265615
Denver,NE,5367,25043,713,0.17244481573113132,0.804646081675931
Denver,WY,14396,39465,2131,0.2571081583083298,0.7048328332618946
Denver,Total,1528274,1037921,68810,0.5799890322788761,0.39389716528052127
Des Moines,IA,297350,331580,13305,0.46299251831494703,0.5162907658411641
Des Moines,Total,297350,331580,13305,0.46299251831494703,0.5162907658411641
Detroit,MI,1547302,1151193,40580,0.5648994642351889,0.4202853152980477
Detroit,Total,1547302,1151193,40580,0.5648994642351889,0.4202853152980477
Dothan,AL,27364,81275,1390,0.24869807050868406,0.738668896381863
Dothan,GA,2450,2710,28,0.47224363916730916,0.5223592906707787
Dothan,Total,29814,83985,1418,0.2587638976887091,0.7289288907018929
Duluth,MI,3570,4600,106,0.43136781053649104,0.55582406959884
Duluth,MN,97390,82774,4227,0.5281711146422547,0.4489047730095287
Duluth,WI,30197,27728,909,0.513257640140055,0.47129211000441923
Duluth,Total,131157,115102,5242,0.5214969324177637,0.4576602081105045
El Paso,NM,47957,32802,1882,0.5803051753972,0.3969216248593313
El Paso,TX,178935,85525,4298,0.6657848324514991,0.31822308545234
El Paso,Total,226892,118327,6180,0.6456819740522881,0.3367311802253279
Elmira,NY,36329,57017,2009,0.38098683865555033,0.5979445230978974
Elmira,PA,4955,15742,429,0.23454511029063713,0.7451481586670453
Elmira,Total,41284,72759,2438,0.3544269022415673,0.6246426455816828
Erie,PA,87276,109667,3322,0.4358025616058722,0.5476094175217836
Erie,Total,87276,109667,3322,0.4358025616058722,0.5476094175217836
Eugene,OR,203596,160341,12539,0.5407941010847969,0.4258996589424027
Eugene,Total,203596,160341,12539,0.5407941010847969,0.4258996589424027
Eureka,CA,49445,28231,3201,0.6113604609468699,0.349060919668138
Eureka,Total,49445,28231,3201,0.6113604609468699,0.349060919668138
Evansville,IL,4445,20037,384,0.1787581436499638,0.8057990830853374
Evansville,IN,68295,116620,3454,0.3625596568437482,0.6191039926951887
Evansville,KY,41679,94840,2280,0.3002831432503116,0.6832902254339008
Evansville,Total,114419,231497,6118,0.32502258304595577,0.6575984137895772
Fargo,MN,53564,88963,3043,0.36796043140757023,0.6111355361681665
Fargo,ND,71921,101533,6003,0.40077010091553966,0.5657789888385518
Fargo,Total,125485,190496,9046,0.38607561833324616,0.5860928476711166
Flint,MI,283582,327226,10500,0.4564274079844457,0.5266727613357626
Flint,Total,283582,327226,10500,0.4564274079844457,0.5266727613357626
Fresno,CA,354076,340840,15752,0.4982298344656014,0.47960510393038663
Fresno,Total,354076,340840,15752,0.4982298344656014,0.47960510393038663
Ft. Myers,FL,288162,455441,6833,0.38399277220176004,0.6069018543886487
Ft. Myers,Total,288162,455441,6833,0.38399277220176004,0.6069018543886487
Ft. Smith,AR,112692,198950,9521,0.35088724417196254,0.619467373265289
Ft. Smith,OK,6334,27326,531,0.18525342926501126,0.7992161679974262
Ft. Smith,Total,119026,226276,10052,0.3349505000647242,0.6367622145803903
Ft. Wayne,IN,107401,196515,6824,0.3456297869601596,0.6324097316084186
Ft. Wayne,OH,5280,18736,462,0.2157038973772367,0.7654220116022551
Ft. Wayne,Total,112681,215251,7286,0.33614245058439585,0.6421224397257904
Gainesville,FL,98974,82375,2758,0.5375895539007208,0.44743002710380375
Gainesville,Total,98974,82375,2758,0.5375895539007208,0.44743002710380375
Glendive,MT,1088,4361,120,0.19536721134853655,0.7830849344586102
Glendive,Total,1088,4361,120,0.19536721134853655,0.7830849344586102
Grand Junction,CO,39223,73664,2658,0.3394608161322428,0.6375351594616816
Grand Junction,Total,39223,73664,2658,0.3394608161322428,0.6375351594616816
Grand Rapids,MI,512717,593697,23518,0.45375916426829227,0.5254271938488334
Grand Rapids,Total,512717,593697,23518,0.45375916426829227,0.5254271938488334
Great Falls,MT,30665,51351,2135,0.36440446340506943,0.6102244774274815
Great Falls,Total,30665,51351,2135,0.36440446340506943,0.6102244774274815
Green Bay,MI,4316,8117,174,0.3423494883794717,0.6438486555088443
Green Bay,WI,260730,362976,11199,0.410659862499114,0.5717012781439743
Green Bay,Total,265046,371093,11373,0.4093298657013306,0.5731059810474555
Greensboro,NC,421857,520727,12917,0.44150346258141016,0.5449779749053114
Greensboro,VA,1954,7485,95,0.20495070274805957,0.7850849590937696
Greensboro,Total,423811,528212,13012,0.43916645510266467,0.5473500961105038
"Greenville, NC",NC,162556,219535,5694,0.41919104658509226,0.5661255592660882
"Greenville, NC",Total,162556,219535,5694,0.41919104658509226,0.5661255592660882
"Greenville, SC",GA,10015,34127,407,0.22480863767985815,0.766055354777885
"Greenville, SC",NC,194761,242400,6888,0.43860249657132433,0.5458857018031794
"Greenville, SC",SC,245507,457627,11437,0.34357257711270117,0.6404220154470305
"Greenville, SC",Total,450283,734154,18732,0.3742475080391865,0.6101836067917309
Greenwood,MS,45404,28392,853,0.6082331980334633,0.3803399911586223
Greenwood,Total,45404,28392,853,0.6082331980334633,0.3803399911586223
Harlingen,TX,204493,150247,3392,0.5709989612768477,0.4195296706242391
Harlingen,Total,204493,150247,3392,0.5709989612768477,0.4195296706242391
Harrisburg,PA,422603,636717,19328,0.39178953653091647,0.5902917355800965
Harrisburg,Total,422603,636717,19328,0.39178953653091647,0.5902917355800965
Harrisonburg,VA,46448,77856,2578,0.3660724137387494,0.613609495436705
Harrisonburg,WV,820,2782,57,0.2241049467067505,0.7603170265099755
Harrisonburg,Total,47268,80638,2635,0.36209313548999933,0.6177216353482814
Hartford,CT,783326,546272,21868,0.5796120657123449,0.4042069870792162
Hartford,Total,783326,546272,21868,0.5796120657123449,0.4042069870792162
Hattiesburg,MS,46142,88456,1922,0.33798710811602695,0.6479343685906827
Hattiesburg,Total,46142,88456,1922,0.33798710811602695,0.6479343685906827
Helena,MT,20578,24582,1210,0.44377830493853787,0.5301272374379987
Helena,Total,20578,24582,1210,0.44377830493853787,0.5301272374379987
Honolulu,HI,366130,196864,11475,0.6373363923901899,0.3426886394217965
Honolulu,Total,366130,196864,11475,0.6373363923901899,0.3426886394217965
Houston,TX,1368169,1414630,37283,0.48515220479404497,0.501627257647118
Houston,Total,1368169,1414630,37283,0.48515220479404497,0.501627257647118
Huntsville,AL,154039,328334,8832,0.31359412058102015,0.6684256064168728
Huntsville,TN,2919,12281,408,0.187019477191184,0.7868400820092261
Huntsville,Total,156958,340615,9240,0.3096960811976015,0.6720723422643066
Idaho Falls,ID,44863,122664,6390,0.25795638149232103,0.7053019543805379
Idaho Falls,WY,9848,4341,488,0.6709818082714452,0.2957688901001567
Idaho Falls,Total,54711,127005,6878,0.2900993668939627,0.6734307560155678
Indianapolis,IN,613112,764973,29441,0.43559550587342616,0.5434876513826388
Indianapolis,Total,613112,764973,29441,0.43559550587342616,0.5434876513826388
"Jackson, MS",MS,207142,203708,5635,0.49735764793449944,0.4891124530295209
"Jackson, MS",Total,207142,203708,5635,0.49735764793449944,0.4891124530295209
"Jackson, TN",TN,31999,74715,1618,0.2953790200494775,0.6896854115127571
"Jackson, TN",Total,31999,74715,1618,0.2953790200494775,0.6896854115127571
Jacksonville,FL,395978,548482,13820,0.41321743123095545,0.5723608966064199
Jacksonville,GA,30923,69079,1225,0.3054817390617128,0.6824167465201971
Jacksonville,Total,426901,617561,15045,0.4029241902129953,0.5828758092207036
Johnstown,PA,117245,262393,5585,0.30435617810982213,0.6811457259820934
Johnstown,Total,117245,262393,5585,0.30435617810982213,0.6811457259820934
Jonesboro,AR,19634,58176,2219,0.24533606567619237,0.7269364855239976
Jonesboro,Total,19634,58176,2219,0.24533606567619237,0.7269364855239976
Joplin,KS,16952,41138,1191,0.285960088392571,0.6939491574028778
Joplin,MO,23553,79636,1883,0.22416057560529923,0.7579183797776763
Joplin,OK,2686,8545,207,0.2348312642070292,0.7470711662878126
Joplin,Total,43191,129319,3281,0.24569517210778707,0.7356406186892389
Kansas City,KS,288692,246131,11853,0.5280861058469734,0.45023194725943705
Kansas City,MO,345653,376875,14548,0.46895164135041706,0.511310909594126
Kansas City,Total,634345,623006,26401,0.49413360212876006,0.48530089923910535
Knoxville,KY,4008,23171,274,0.14599497322696972,0.8440243324955379
Knoxville,TN,177074,424444,11086,0.28905132842749964,0.6928521524508492
Knoxville,Total,181082,447615,11360,0.2829154278447076,0.6993361528738846
La Crosse,MN,18186,19561,866,0.47098127573615106,0.5065910444668894
La Crosse,WI,125223,139256,5155,0.4644184338770333,0.5164630573295652
La Crosse,Total,143409,158817,6021,0.4652405376208041,0.5152264255613194
"Lafayette, IN",IN,36026,37588,1948,0.47677403986130595,0.4974458060930097
"Lafayette, IN",Total,36026,37588,1948,0.47677403986130595,0.4974458060930097
"Lafayette, LA",LA,94341,202146,4941,0.3129802141805008,0.6706278116167045
"Lafayette, LA",Total,94341,202146,4941,0.3129802141805008,0.6706278116167045
Lake Charles,LA,30956,79886,2027,0.27426485571769044,0.7077762716069071
Lake Charles,Total,30956,79886,2027,0.27426485571769044,0.7077762716069071
Lansing,MI,185357,168944,6863,0.5132211405344941,0.4677764118239913
Lansing,Total,185357,168944,6863,0.5132211405344941,0.4677764118239913
Laredo,TX,43646,27931,694,0.6039213515794717,0.3864759031976865
Laredo,Total,43646,27931,694,0.6039213515794717,0.3864759031976865
Las Vegas,NV,529470,450525,20339,0.529293216065834,0.45037457489198607
Las Vegas,Total,529470,450525,20339,0.529293216065834,0.45037457489198607
Lexington,KY,217264,391108,11264,0.3506316611688152,0.6311899244072326
Lexington,Total,217264,391108,11264,0.3506316611688152,0.6311899244072326
Lima,OH,21995,70326,1547,0.23431840456811692,0.7492010056675331
Lima,Total,21995,70326,1547,0.23431840456811692,0.7492010056675331
Lincoln,KS,760,3945,81,0.15879648976180527,0.8242791475135813
Lincoln,NE,129202,224012,9635,0.3560764946299976,0.617369759872564
Lincoln,Total,129962,227957,9716,0.3535082350701103,0.620063378078801
Little Rock,AR,230264,370596,16691,0.3728663705507723,0.6001059021845969
Little Rock,Total,230264,370596,16691,0.3728663705507723,0.6001059021845969
Los Angeles,CA,5083115,2804256,169702,0.6308885373137366,0.34804897510547567
Los Angeles,NV,74,400,13,0.15195071868583163,0.8213552361396304
Los Angeles,Total,5083189,2804656,169715,0.6308595902481644,0.3480775817989565
Louisville,IN,66567,131701,3907,0.32925435884753307,0.6514207988129096
Louisville,KY,313108,350468,12623,0.4630412053256512,0.5182912130896378
Louisville,Total,379675,482169,16530,0.4322475392031185,0.5489335977613181
Lubbock,TX,49636,120292,2488,0.2878851150705271,0.6976846696362287
Lubbock,Total,49636,120292,2488,0.2878851150705271,0.6976846696362287
Macon,GA,137585,165393,3124,0.44947435822046244,0.5403198933688771
Macon,Total,137585,165393,3124,0.44947435822046244,0.5403198933688771
Madison,WI,386601,204732,10176,0.6427185628145214,0.34036398457878436
Madison,Total,386601,204732,10176,0.6427185628145214,0.34036398457878436
Mankato,MN,28375,36866,1655,0.42416586940923223,0.5510942358287491
Mankato,Total,28375,36866,1655,0.42416586940923223,0.5510942358287491
Marquette,MI,50241,65540,2141,0.42605281457234445,0.5557911161615305
Marquette,WI,781,2133,26,0.26564625850340134,0.7255102040816327
Marquette,Total,51022,67673,2167,0.42215088282504015,0.559919577700187
Medford,CA,9593,13290,589,0.40869972733469667,0.5662065439672802
Medford,OR,95167,132882,6771,0.40527638190954773,0.5658887658632143
Medford,Total,104760,146172,7360,0.40558747464110384,0.5659176435971691
Memphis,AR,24918,32438,2014,0.4197069226882264,0.54637022065016
Memphis,MS,75126,111513,2921,0.396317788562988,0.5882728423718084
Memphis,MO,1560,4120,55,0.27201394943330426,0.7183958151700087
Memphis,TN,277837,205886,7559,0.565534662373138,0.4190790625343489
Memphis,Total,379441,353957,12549,0.5086701870240111,0.47450690196488493
Meridian,AL,7775,5894,86,0.5652490003635042,0.42849872773536896
Meridian,MS,25020,40488,694,0.377934201383644,0.6115827316395275
Meridian,Total,32795,46382,780,0.4101579599034481,0.5800867966532011
Miami,FL,1258497,891935,16261,0.5808377098186037,0.411657304472761
Miami,Total,1258497,891935,16261,0.5808377098186037,0.411657304472761
Milwaukee,WI,653102,617754,21634,0.5053052634836633,0.47795650256481675
Milwaukee,Total,653102,617754,21634,0.5053052634836633,0.47795650256481675
Minneapolis,MN,1437472,1163302,62145,0.5398106363730928,0.4368521911481348
Minneapolis,WI,68883,103397,3504,0.3918616028762572,0.5882048423064671
Minneapolis,Total,1506355,1266699,65649,0.5306490323221555,0.44622456100550145
Minot,MT,3763,11046,337,0.24844843523042387,0.729301465733527
Minot,ND,42981,134062,5319,0.23569054956624735,0.7351421897105757
Minot,SD,622,647,14,0.4848012470771629,0.5042868277474669
Minot,Total,47366,145755,5670,0.23827034423087565,0.7332072377522121
Missoula,MT,82454,102011,4393,0.43659257219710046,0.5401465651441824
Missoula,Total,82454,102011,4393,0.43659257219710046,0.5401465651441824
Mobile,AL,124404,219133,4336,0.35761326691062545,0.6299224142143829
Mobile,FL,132789,253857,8151,0.33634754063480726,0.6430064058237525
Mobile,MS,2184,14507,170,0.1295296838858905,0.8603878773500978
Mobile,Total,259377,487497,12657,0.3414962654585527,0.6418395035883986
Monroe,AR,7709,16026,798,0.31422981290506663,0.6532425712305874
Monroe,LA,63063,120042,2465,0.3398340248962656,0.6468825780029099
Monroe,Total,70772,136068,3263,0.33684430969572066,0.6476252123958249
Monterey,CA,245827,83826,8749,0.7264348319454377,0.24771130194265992
Monterey,Total,245827,83826,8749,0.7264348319454377,0.24771130194265992
Montgomery,AL,143432,149788,3154,0.48395608251735983,0.5054019583364263
Montgomery,Total,143432,149788,3154,0.48395608251735983,0.5054019583364263
Myrtle Beach,NC,26206,35279,478,0.4229298129528912,0.5693559059438698
Myrtle Beach,SC,127151,185605,3166,0.4024759276023829,0.5875026114040808
Myrtle Beach,Total,153357,220884,3644,0.40582981594929673,0.5845270386493245
Nashville,KY,20477,58848,1294,0.25399719669060644,0.7299519964276411
Nashville,TN,494128,747740,27324,0.3893248618018393,0.5891464805955285
Nashville,Total,514605,806588,28618,0.3812422628056817,0.597556250467658
New Orleans,LA,354261,404071,13335,0.4590853308486692,0.5236338990782293
New Orleans,MS,8652,35727,611,0.19230940208935318,0.7941098021782619
New Orleans,Total,362913,439798,13946,0.4443885254151988,0.538534537755753
New York,CT,297505,169039,6446,0.6289879278631684,0.3573838770375695
New York,NJ,1924536,1413402,52859,0.5675762954845129,0.4168347441619183
New York,NY,3752335,1855046,69841,0.6609456174164055,0.32675241517770487
New York,PA,13052,19241,323,0.40017169487368165,0.5899251900907531
New York,Total,5987428,3456728,129469,0.6254086618182768,0.3610678295838828
Norfolk,NC,40882,55897,1323,0.4167295264112862,0.5697845099997961
Norfolk,VA,495557,369168,17875,0.5614740539315658,0.4182732834806254
Norfolk,Total,536439,425065,19198,0.5469949077293612,0.43342931899802384
North Platte,NE,3792,14130,420,0.20673863264638534,0.7703631010794897
North Platte,Total,3792,14130,420,0.20673863264638534,0.7703631010794897
Odessa,TX,35769,111976,2028,0.23882141641016738,0.7476380923130337
Odessa,Total,35769,111976,2028,0.23882141641016738,0.7476380923130337
Oklahoma City,OK,270853,474743,19061,0.3542150271298111,0.6208574563497098
Oklahoma City,Total,270853,474743,19061,0.3542150271298111,0.6208574563497098
Omaha,IA,34652,63610,1842,0.34615999360664906,0.6354391432909774
Omaha,MO,564,2199,51,0.20042643923240938,0.7814498933901919
Omaha,NE,219994,243511,12544,0.46212469724755223,0.511525074099515
Omaha,Total,255210,309320,14437,0.4408023255211437,0.5342618836652175
Orlando,FL,1119828,1185312,28613,0.47983998306590286,0.5078995077885278
Orlando,Total,1119828,1185312,28613,0.47983998306590286,0.5078995077885278
Ottumwa,IA,12028,19850,607,0.3702631983992612,0.6110512544251193
Ottumwa,MO,6584,18053,370,0.2632862798416443,0.7219178629983605
Ottumwa,Total,18612,37903,977,0.3237319974953037,0.6592743338203576
Paducah,IL,46074,103471,2604,0.3028215762180494,0.6800636218443762
Paducah,KY,31358,83977,1689,0.2679621274268526,0.7176049357396773
Paducah,MO,30288,115566,1783,0.20515182508449778,0.7827712565278352
Paducah,TN,6135,22678,477,0.2094571526118129,0.7742574257425743
Paducah,Total,113855,325692,6553,0.2552230441605021,0.7300874243443174
Panama City,FL,51997,151396,2617,0.25240036891413037,0.7348963642541624
Panama City,Total,51997,151396,2617,0.25240036891413037,0.7348963642541624
Parkersburg,OH,9243,22307,531,0.2881144602724354,0.6953336866057791
Parkersburg,WV,11625,29944,684,0.2751283932501834,0.7086834070953542
Parkersburg,Total,20868,52251,1215,0.2807329082250383,0.7029219468883687
Peoria,IL,135751,170989,7944,0.4313883133556202,0.5433673145123362
Peoria,Total,135751,170989,7944,0.4313883133556202,0.5433673145123362
Philadelphia,DE,239586,129373,5699,0.6394792050349919,0.3453095890118455
Philadelphia,NJ,683864,469908,19748,0.5827459267843752,0.40042606857999863
Philadelphia,PA,1794180,1031099,36662,0.6269101983583868,0.3602796144295078
Philadelphia,Total,2717630,1630380,62109,0.6162260020647969,0.369690704491194
Phoenix,AZ,1274789,1364201,50638,0.4739648010802981,0.5072080599993753
Phoenix,Total,1274789,1364201,50638,0.4739648010802981,0.5072080599993753
Pittsburgh,MD,3281,12002,328,0.21017231439369674,0.7688168599064762
Pittsburgh,PA,699109,788444,22050,0.46310785020962464,0.5222856605345909
Pittsburgh,WV,23445,31993,1206,0.4139008544594308,0.5648082762516772
Pittsburgh,Total,725835,832439,23584,0.45884965654312837,0.5262412934662909
"Portland, ME",ME,331200,235653,17071,0.5671971009925949,0.4035679300730917
"Portland, ME",NH,24289,24767,785,0.48732970847294393,0.4969202062558937
"Portland, ME",Total,355489,260420,17856,0.5609161124391533,0.41090940648347574
"Portland, OR",OR,958695,573132,50855,0.6057407615680219,0.3621270729053594
"Portland, OR",WA,174578,173590,11368,0.4855647278714788,0.4828167415780339
"Portland, OR",Total,1133273,746722,62223,0.5834942318524491,0.38446868477174034
Presque Isle,ME,13956,21080,710,0.3904213058803782,0.5897163318972752
Presque Isle,Total,13956,21080,710,0.3904213058803782,0.5897163318972752
Providence,MA,153377,119872,6030,0.5491891620923879,0.42921952599371954
Providence,RI,307486,199922,10349,0.5938809132469479,0.3861309455980315
Providence,Total,460863,319794,16379,0.5782210590236827,0.4012290536437501
Quincy,IL,19550,51303,1455,0.27037118990983017,0.7095065552912541
Quincy,IA,6541,9773,420,0.39088084140074103,0.5840205569499223
Quincy,MO,8325,29759,600,0.21520525281770242,0.7692844586909316
Quincy,Total,34416,90835,2475,0.2694517952492053,0.7111707874669214
Raleigh,NC,998275,705944,27549,0.5764484619186866,0.40764351806939497
Raleigh,VA,6803,9266,135,0.4198346087385831,0.5718341150333252
Raleigh,Total,1005078,715210,27684,0.5749966246598915,0.40916559304153616
Rapid City,MT,74,775,15,0.08564814814814815,0.8969907407407407
Rapid City,SD,36470,69460,3447,0.33343390292291797,0.6350512447772384
Rapid City,WY,4781,18601,707,0.1984723317696874,0.772178172609905
Rapid City,Total,41325,88836,4169,0.30763790664780766,0.6613265837861981
Reno,CA,7288,11727,509,0.3732841630813358,0.6006453595574678
Reno,NV,168526,198821,10872,0.44557782660310563,0.5256769226294818
Reno,Total,175814,210548,11381,0.44202914947591787,0.5293568962873011
Richmond,VA,466879,378530,14533,0.5429191736186859,0.44018084940612273
Richmond,Total,466879,378530,14533,0.5429191736186859,0.44018084940612273
Roanoke,VA,220264,362414,10596,0.3712685875329106,0.6108711994794985
Roanoke,WV,1047,2895,66,0.26122754491017963,0.7223053892215568
Roanoke,Total,221311,365309,10662,0.37053016832919794,0.6116189672549984
"Rochester, MN",IA,23352,34813,1008,0.394639447045105,0.5883257566795667
"Rochester, MN",MN,73909,74379,3588,0.4866404171824383,0.48973504701203613
"Rochester, MN",Total,97261,109192,4596,0.4608455856222962,0.517377481058901
"Rochester, NY",NY,294234,237163,12772,0.5407033476732412,0.43582600258375614
"Rochester, NY",Total,294234,237163,12772,0.5407033476732412,0.43582600258375614
Rockford,IL,99488,113143,4774,0.4576159701938778,0.5204250132241669
Rockford,Total,99488,113143,4774,0.4576159701938778,0.5204250132241669
Sacramento,CA,1037537,825034,48459,0.5429203099899007,0.43172216030098953
Sacramento,Total,1037537,825034,48459,0.5429203099899007,0.43172216030098953
Salisbury,DE,56682,71230,1440,0.43819964128888617,0.5506679448327045
Salisbury,MD,45712,56018,2301,0.43940748430756216,0.5384741086791437
Salisbury,Total,102394,127248,3741,0.43873804004576167,0.5452325147932797
Salt Lake City,ID,1256,10907,269,0.10102960102960103,0.8773326898326899
Salt Lake City,NV,5416,20144,776,0.20565006075334144,0.7648845686512759
Salt Lake City,UT,560282,865140,80406,0.3720756952321248,0.5745277681116303
Salt Lake City,WY,7805,32325,1313,0.1883309605964819,0.7799869700552566
Salt Lake City,Total,574759,928516,82764,0.3623864230324727,0.5854307491808209
San Angelo,TX,14633,45396,802,0.24055169239368085,0.7462642402722296
San Angelo,Total,14633,45396,802,0.24055169239368085,0.7462642402722296
San Antonio,TX,571782,576636,18688,0.4899143693888987,0.4940733746549157
San Antonio,Total,571782,576636,18688,0.4899143693888987,0.4940733746549157
San Diego,CA,964650,600094,37399,0.6020998125635477,0.3745570776141705
San Diego,Total,964650,600094,37399,0.6020998125635477,0.3745570776141705
San Francisco,CA,2875069,838608,85605,0.7567400893116121,0.2207280217683236
San Francisco,Total,2875069,838608,85605,0.7567400893116121,0.2207280217683236
Santa Barbara,CA,218273,133172,9701,0.6043899143282772,0.3687483732340937
Santa Barbara,Total,218273,133172,9701,0.6043899143282772,0.3687483732340937
Savannah,GA,139061,176814,4254,0.4343905113251221,0.5523210955583531
Savannah,SC,55927,64178,1429,0.460175753287146,0.5280662201523854
Savannah,Total,194988,240992,5683,0.44148592931714903,0.5456467940488563
Seattle,WA,1886301,1009844,96997,0.630207654698641,0.33738593090471486
Seattle,Total,1886301,1009844,96997,0.630207654698641,0.33738593090471486
Sherman,OK,17348,64847,1455,0.20738792588164973,0.7752181709503885
Sherman,TX,14506,44163,805,0.24390489962000203,0.742559774018899
Sherman,Total,31854,109010,2260,0.2225622537100696,0.7616472429501691
Shreveport,AR,13718,34613,1554,0.2749924827102335,0.6938558684975443
Shreveport,LA,98470,135245,3716,0.414731016590083,0.5696181206329418
Shreveport,OK,1858,9485,124,0.16203017354146682,0.8271561873201361
Shreveport,TX,31439,91828,1168,0.2526539960622011,0.7379595772893478
Shreveport,Total,145485,271171,6562,0.34375900835975787,0.6407359800386562
Sioux City,IA,44758,97719,2496,0.3087333503479958,0.6740496506245991
Sioux City,NE,11659,36354,1214,0.2368415706827554,0.7384971661892864
Sioux City,SD,2725,5944,186,0.30773574251835123,0.6712591756070017
Sioux City,Total,59142,140017,3896,0.29126098840215703,0.6895520917977888
Sioux Falls,IA,1668,8397,126,0.16367382984986753,0.8239623196938475
Sioux Falls,MN,8181,18220,505,0.3040585742956961,0.6771723779082732
Sioux Falls,NE,373,2844,52,0.11410217191801775,0.8699908228816152
Sioux Falls,SD,110654,184992,7448,0.3650814598771338,0.6103453054168014
Sioux Falls,Total,120876,214453,8131,0.35193617888545975,0.6243900308624003
South Bend,IA,108828,166995,5392,0.3869921590242341,0.5938338993296943
South Bend,MI,46568,60218,2024,0.4279753699108538,0.5534233985846889
South Bend,Total,155396,227213,7416,0.39842574193961927,0.5825600923017755
Spokane,ID,56221,130215,5262,0.29327901177894394,0.6792715625619464
Spokane,MT,2835,8672,242,0.24129713167078048,0.7381053706698443
Spokane,OR,1625,3404,120,0.31559526121577003,0.6610992425713731
Spokane,WA,188397,241753,15548,0.4227010217681031,0.5424143702686572
Spokane,Total,249078,384044,21172,0.3806820786985667,0.586959379117033
"Springfield, MA",MA,219340,120800,8349,0.6294029366780587,0.34663934873123686
"Springfield, MA",Total,219340,120800,8349,0.6294029366780587,0.34663934873123686
"Springfield, MO",AR,14997,49848,1693,0.22539000270522108,0.7491658901680243
"Springfield, MO",MO,117696,337281,7949,0.2542436588137197,0.728585130236798
"Springfield, MO",Total,132693,387129,9642,0.25061760572956804,0.7311715244095915
St. Joseph,KS,686,2976,47,0.18495551361552978,0.8023726071717444
St. Joseph,MO,16726,33533,934,0.3267243568456625,0.6550309612642353
St. Joseph,Total,17412,36509,981,0.3171469163236312,0.6649848821536556
St. Louis,IL,168480,252030,9061,0.3922052466297771,0.5867016162636677
St. Louis,MO,615341,575337,20926,0.5078730344237886,0.4748556459041073
St. Louis,Total,783821,827367,29987,0.4775974530443128,0.5041308818377077
Syracuse,NY,242203,192112,10141,0.5449425814928812,0.43224076174019477
Syracuse,Total,242203,192112,10141,0.5449425814928812,0.43224076174019477
Tallahassee,FL,141922,118951,3397,0.5370340939190978,0.45011162825897755
Tallahassee,GA,43950,67260,1050,0.39150187065740244,0.5991448423303046
Tallahassee,Total,185872,186211,4447,0.4936445967120814,0.4945449233792792
Tampa,FL,1212062,1427930,33808,0.45331064402722715,0.534045179145785
Tampa,Total,1212062,1427930,33808,0.45331064402722715,0.534045179145785
Terre Haute,IL,8451,28738,642,0.22338822658666174,0.7596415637968862
Terre Haute,IN,37112,87682,2448,0.29166470190660315,0.6890963675515946
Terre Haute,Total,45563,116420,3090,0.27601727720463065,0.7052637318035051
Toledo,MI,20918,31541,994,0.3913344433427497,0.5900697809290405
Toledo,OH,209937,255602,8990,0.4424113173272866,0.5386435813195821
Toledo,Total,230855,287143,9984,0.4372402847066756,0.5438499797341576
Topeka,KS,84578,119829,5459,0.4030095394203921,0.570978624455605
Topeka,Total,84578,119829,5459,0.4030095394203921,0.570978624455605
Traverse City,MI,141332,223254,6125,0.3812457682669249,0.6022319272964655
Traverse City,Total,141332,223254,6125,0.3812457682669249,0.6022319272964655
Tri-Cities,KY,2245,11547,156,0.16095497562374533,0.8278606251792372
Tri-Cities,TN,52582,171619,3870,0.23055101262326205,0.7524805871855694
Tri-Cities,VA,24156,94830,1314,0.20079800498753117,0.7882793017456359
Tri-Cities,Total,78983,277996,5340,0.217992984083087,0.7672686224018062
Tucson,AZ,341851,249509,11060,0.5674628996381262,0.41417781614156235
Tucson,Total,341851,249509,11060,0.5674628996381262,0.41417781614156235
Tulsa,KS,3440,11333,292,0.2283438433455028,0.7522734815798208
Tulsa,OK,183801,378815,13353,0.3191161329863239,0.6577003276217991
Tulsa,Total,187241,390148,13645,0.3168024174582173,0.6601109242446289
Twin Falls,ID,24887,55963,2384,0.2990004084869164,0.672357450080496
Twin Falls,Total,24887,55963,2384,0.2990004084869164,0.672357450080496
Tyler,TX,83940,233158,3888,0.2615067323808515,0.7263805898076552
Tyler,Total,83940,233158,3888,0.2615067323808515,0.7263805898076552
Utica,NY,64481,90433,3371,0.4073727769529646,0.5713301955333734
Utica,Total,64481,90433,3371,0.4073727769529646,0.5713301955333734
Victoria,TX,10380,23358,450,0.3036153036153036,0.6832221832221832
Victoria,Total,10380,23358,450,0.3036153036153036,0.6832221832221832
Waco,TX,152248,246046,7499,0.3751863634907453,0.6063337711591871
Waco,Total,152248,246046,7499,0.3751863634907453,0.6063337711591871
Washington,DC,317323,18586,8447,0.9214969392140692,0.05397321376714795
Washington,MD,1019550,344855,32503,0.7298619522545507,0.24687023053773047
Washington,PA,1085,6824,81,0.1357947434292866,0.8540675844806007
Washington,VA,1070865,601931,34716,0.6271493260369473,0.3525193380778583
Washington,WV,37898,82652,2181,0.30878914047795586,0.6734402881097685
Washington,Total,2446721,1054848,77928,0.6835376590621531,0.29469168433441906
Watertown,NY,40491,59127,2108,0.39803983249120184,0.5812378349684446
Watertown,Total,40491,59127,2108,0.39803983249120184,0.5812378349684446
Wausau,WI,105349,152208,4388,0.4021798469144286,0.5810685449235526
Wausau,Total,105349,152208,4388,0.4021798469144286,0.5810685449235526
West Palm Beach,FL,596836,553052,9724,0.5146859466787167,0.4769284898741993
West Palm Beach,Total,596836,553052,9724,0.5146859466787167,0.4769284898741993
Wheeling,OH,23699,62778,1255,0.2701294852505357,0.7155655861031323
Wheeling,WV,19585,48359,1079,0.28374599771090797,0.700621531953117
Wheeling,Total,43284,111137,2334,0.2761251634716596,0.708985359318682
Wichita,KS,175215,346054,11651,0.3287829317721234,0.6493544997372964
Wichita,Total,175215,346054,11651,0.3287829317721234,0.6493544997372964
Wichita Falls,OK,19856,49076,1642,0.28135007226457337,0.6953835690197523
Wichita Falls,TX,17913,64762,1214,0.21353216750706291,0.7719963284816841
Wichita Falls,Total,37769,113838,2856,0.24451810465936827,0.736992030453895
Wilkes-Barre,PA,293825,451463,11037,0.3884903976465144,0.5969166694212145
Wilkes-Barre,Total,293825,451463,11037,0.3884903976465144,0.5969166694212145
Wilmington,NC,127943,167645,4157,0.4268394802248578,0.5592920649218502
Wilmington,Total,127943,167645,4157,0.4268394802248578,0.5592920649218502
Yakima,OR,12078,24856,1222,0.3165426145298249,0.6514309676066674
Yakima,WA,120336,159464,9455,0.41602046637050355,0.5512921124958946
Yakima,Total,132414,184320,10677,0.40442746273032976,0.562962148492262
Youngstown,OH,115519,150823,3960,0.4273701267471199,0.5579795931957588
Youngstown,PA,21067,36143,907,0.3624929022489117,0.6219006486914328
Youngstown,Total,136586,186966,4867,0.41588945828347323,0.569291058069113
Yuma,AZ,32210,36534,1328,0.4596700536590935,0.5213780111884918
Yuma,CA,34678,20847,1218,0.6111414623830252,0.36739333486068765
Yuma,Total,66888,57381,2546,0.5274454914639436,0.4524780191617711
Zanesville,OH,11971,27867,629,0.295821286480342,0.6886351842241827
Zanesville,Total,11971,27867,629,0.295821286480342,0.6886351842241827
